numhits,legalStatus,contactCountry
1,"""Association déclarée"", French law of 1/7/1901",BELGIUM
1,(International) Non-governmental Association (under Dutch Law),NETHERLANDS
1,(Platform and Network) NGO,PORTUGAL
1,00070823 DEL 21 DE ABRIL DE 2004,COLOMBIA
1,03748 del 27 de agosto de 1964,COLOMBIA
1,191 Qui institue l'Union européenne et ses partis politiques,BELGIUM
1,465.276.336,BELGIUM
1,501 (c) 3 Non-profit,UNITED STATES
1,501 C6 organisation (US not for profit organisation),UNITED STATES
1,501(c)(3),UNITED STATES
1,501(c)3 non-profit organisation,UNITED STATES
1,"A Body Corporate and Politic, constituted by Royal Charter",UNITED KINGDOM
1,A committee of the International Shipsuppliers & Services Association,UNITED KINGDOM
1,A company limited by guarantee,IRELAND
1,"A company limited by guarantee. Registered in England, No. 1832064",UNITED KINGDOM
1,A division of IFG SCRL,BELGIUM
1,A.E.I.E.,BELGIUM
7,A.I.S.B.L.,BELGIUM
2,A.S.B.L,BELGIUM
5,A.S.B.L.,BELGIUM
1,A.i.s.b.l.,BELGIUM
3,A/S,DENMARK
1,AB,SWEDEN
1,ABSL Belge,BELGIUM
1,ACADEMIC INSTITUTION,SPAIN
1,AG,AUSTRIA
6,AG,GERMANY
1,AGRUPACIÓN DE PRODUCTORES (DEL ART. 64 RTO. CE 479/2008).,SPAIN
1,AISBL,NETHERLANDS
176,AISBL,BELGIUM
1,AISBL,GREECE
1,AISBL,LUXEMBOURG
1,AISBL,CANADA
1,AISBL (Association Internationale Sans But Lucratif),BELGIUM
1,AISBL (Belgium) Registered Charity (UK),UNITED KINGDOM
1,AISBL (International Non-Profit Association),BELGIUM
1,AISBL (International non-profit association in Belgium),BELGIUM
1,AISBL (NGO registered in Belgium),BELGIUM
1,AISBL (association internationale sans but lucratif),BELGIUM
1,AISBL (international association under Belgian law),BELGIUM
1,AISBL (under Belgium Law),BELGIUM
1,AISBL - Assoc. Internationale à but scientifique,BELGIUM
1,AISBL - Association Internationale Sans But Lucratif,BELGIUM
1,AISBL - Association Internationale sans but lucratif,BELGIUM
1,AISBL - International Non-Profit Association under Belgian law (Association international sans but lucrative),BELGIUM
1,AISBL - association internationale sans but lucratif,BELGIUM
1,AISBL - registered number 0879 438 919,BELGIUM
1,AISBL - under Belgian law,BELGIUM
1,AISBL / non-profit association,DENMARK
1,AISBL droit Belge,BELGIUM
2,AISBL nach belgischem Recht,BELGIUM
3,AISBL under Belgian Law,BELGIUM
1,AISBL under Belgian law,BELGIUM
1,AISBL: Association Internationale Sans But Lucratif,BELGIUM
2,AISLB,BELGIUM
1,AS,NORWAY
1,ASBL,UNITED KINGDOM
1,ASBL,GERMANY
61,ASBL,BELGIUM
1,ASBL,LUXEMBOURG
1,ASBL,TURKEY
1,ASBL,SWEDEN
2,ASBL,FRANCE
1,ASBL,ITALY
1,ASBL (Belgian not-for-profit organisation),BELGIUM
1,ASBL (non-profit organisation); registered under Belgium law,BELGIUM
1,ASBL (under Belgian law),BELGIUM
1,ASBL - Association Sans But Lucratif,BELGIUM
1,ASBL - EANAM,BELGIUM
1,ASBL Association,BELGIUM
1,ASBL International,BELGIUM
1,ASBL NGO,BELGIUM
1,ASBL according Belgian law,BELGIUM
1,ASBL belge,BELGIUM
1,ASBL de droit français,FRANCE
1,ASBL de droit suisse,SWITZERLAND
1,ASBL under Belgian law (No. 873.890.618),BELGIUM
1,ASBL under Belgium law,BELGIUM
1,ASBL – registered number 4783.320.41,NETHERLANDS
1,"ASBL, association sans but lucratif",BELGIUM
2,ASBL/VZW,BELGIUM
1,ASLB,BELGIUM
4,ASOCIACION,SPAIN
1,ASOCIACION DE EMPRESARIOS,SPAIN
1,ASOCIACION PROFESIONAL,SPAIN
1,ASOCIACION PROFESIONAL SIN ANIMO DE LUCRO,SPAIN
1,ASOCIACION SOCIO-CULTURAL SIN FINES DE LUCRO,SPAIN
1,ASOCIACIÓN,SPAIN
1,ASOCIACIÓN DE INTERÉS UNIVERSITARIO,SPAIN
1,ASOCIACIÓN EMPRESARIAL,SPAIN
1,ASSOCIATION,IRELAND
1,ASSOCIATION,BELGIUM
3,ASSOCIATION,FRANCE
3,ASSOCIATION,ITALY
1,ASSOCIATION A BUT NON LUCRATIF,MAURITANIA
2,ASSOCIATION LOI 1901,FRANCE
1,ASSOCIATION LOI 1901 PARIS FRANCE,BELGIUM
1,ASSOCIATION NO PROFIT,ITALY
1,ASSOCIATION SANS BUT LUCRATIF,BELGIUM
1,ASSOCIATION SANS BUT LUCRATIF (SUR BASE DU CODE FRANCAIS DU TRAVAIL - LOI DE 1884),FRANCE
1,ASSOCIATION SYNDICALE,GERMANY
1,ASSOCIATIONS UTILITE PUBLIQUE,FRANCE
5,ASSOCIAZIONE,ITALY
3,ASSOCIAZIONE DI CATEGORIA,ITALY
1,ASSOCIAZIONE DI PROFESSIONISTI,ITALY
6,ASSOCIAZIONE E SOGGETTO DI DIRITTO INTERNAZIONALE.,ITALY
1,"ASSOCIAZIONE LIBERA, VOLONTARIA E SENZA FINE DI LUCRO",ITALY
1,ASSOCIAZIONE ONLUS,ITALY
1,ASSOCIAZIONE PROFESSIONALE,ITALY
1,ASSOCIAZIONE RICONOSCIUTA,ITALY
1,ASSOCIAZIONE SENZA FINE DI LUCRO,ITALY
1,ASSOCIAZIONE SENZA SCOPO DI LUCRO,ITALY
1,ASSOCIAZIONE-FEDERAZIONE DI ONG,ITALY
1,ASSOSIATION,TURKEY
1,Aatteellinen yhdistys,FINLAND
1,Academic Research Centre,UNITED KINGDOM
1,Academic institution,ITALY
1,"Accelper Consulting Iberia,Ldª",PORTUGAL
1,Accredited Foundation (NGO),HONDURAS
1,Active,SPAIN
1,Active,BELGIUM
1,Administración regional,SPAIN
1,Advisor,ITALY
1,Advokatfirmaet Frederik Madsen,DENMARK
1,Afffilated Organisation of CEFIC,BELGIUM
1,"Agreement between DR,NRK,RUV,SVT,SR,UR and YLE",BELGIUM
1,"Agreement between, DR, NRK,RUV,SVT,SR,UR and YLE",BELGIUM
1,AiSBL,BELGIUM
1,AiSBL (non profit international association),BELGIUM
9,Aisbl,BELGIUM
1,Aktie Bolag,SWEDEN
4,Aktiebolag,SWEDEN
1,Aktiengesellschaft,BELGIUM
2,Aktiengesellschaft,SWITZERLAND
24,Aktiengesellschaft,GERMANY
7,Aktiengesellschaft,AUSTRIA
2,Aktieselskab,DENMARK
1,Aktionsbündnis,GERMANY
1,Alapított társadalmi intézmény,HUNGARY
1,Alapítvány,HUNGARY
1,Alapítvány (Foundation),HUNGARY
1,Amway Belgium Co,UNITED STATES
1,An informal forum of twenty one of the leading middle-sized accounting networks and associations.,BELGIUM
1,Anstalt des Öffentlichen Rechts,GERMANY
1,Anstalt des Öffentlichen Rechts und Gesellschaft mit beschränkter Haftung,GERMANY
1,Anstalt des öffentlichen Rechts,GERMANY
1,Arbeitsgemeinschaft,GERMANY
1,Arbeitsgemeinschaft der Landesaerztekammern/nicht eingetragener Verein,GERMANY
1,Arbitration Board,HUNGARY
1,Arrêté n° 0335/MISPD/AR/DGAPJ/DLP,NIGER
10,Asbl,BELGIUM
1,Asbl,LUXEMBOURG
1,Asbl under Belgian law,BELGIUM
1,Asociacija,LITUANIA
2,Asociacion,SPAIN
9,Asociación,SPAIN
1,Asociación Civil sin Fines de Lucro,NICARAGUA
1,Asociación Multisectorial de la Información,SPAIN
1,Asociación de Empresas,SPAIN
2,Asociación empresarial,SPAIN
1,Asociación nacional y entidad de crédito,SPAIN
1,Asociación profesional,SPAIN
1,Asociación profesional sin ánimo de lucro,SPAIN
1,Asociación sin Animo de Lucro,SPAIN
1,Asociación sin fin de lucro,SPAIN
1,Asociación sin fin lucrativo,SPAIN
1,Asociación sin fines lucrativos,SPAIN
11,Asociación sin ánimo de lucro,SPAIN
1,"Asociación sin ánimo de lucro de ámbito nacional, registrada como tal en el Registro Nacional de Asociaciones con el número 3.943 y declarada de Utilidad Pública",SPAIN
1,Asociatie,ROMANIA
1,Asociation,COSTA RICA
1,Asociation - Order,SPAIN
1,Asociativa,SPAIN
1,Asociaţie Obştească,"MOLDOVA, REPUBLIC OF"
1,Assocation,LUXEMBOURG
1,Associació,SPAIN
10,Association,SPAIN
9,Association,ITALY
1,Association,GREECE
1,Association,ICELAND
3,Association,TURKEY
1,Association,MONACO
27,Association,FRANCE
2,Association,HUNGARY
4,Association,UNITED KINGDOM
3,Association,AUSTRIA
15,Association,NETHERLANDS
8,Association,BELGIUM
8,Association,GERMANY
1,Association,POLAND
5,Association,FINLAND
5,Association,SWEDEN
3,Association,SWITZERLAND
1,Association,CAMEROON
2,Association,ROMANIA
10,Association,DENMARK
1,Association,PORTUGAL
1,Association,LITUANIA
1,Association,SLOVENIA
1,Association,UNITED STATES
1,Association  (asbl),SPAIN
1,Association  loi 1901 France,FRANCE
1,Association (AISBL),BELGIUM
1,Association (NEMO is administered legally by the German Museums Association),GERMANY
1,Association (loi 1901),FRANCE
1,"Association (loi 1901) W783000168, JO 13/12/2008",FRANCE
1,Association (stowarzyszenie),POLAND
1,Association - Loi 1901,FRANCE
1,Association - NGO,FRANCE
1,Association / Vereniging,NETHERLANDS
1,Association 1901,FRANCE
3,Association International Sans But Lucratif,BELGIUM
2,Association Internationale Sans But Lucratif,BELGIUM
1,Association Internationale de Loi 1901 (FR) créée en 1981,FRANCE
1,Association Internationale sans But Lucratif (AISBL),FRANCE
1,Association Internationale sans but lucratif,BELGIUM
1,Association Internatione sans but lucratif -  aisbl,BELGIUM
2,Association Loi 1901,FRANCE
1,Association Loi 1901 (non profit organisation under French law),FRANCE
1,Association Loi 1901 Les Blessés de Next,FRANCE
3,Association Loi de 1901,FRANCE
1,Association Professionnelle,FRANCE
3,Association Sans But Lucratif,BELGIUM
1,Association Sans But Lucratif,LUXEMBOURG
1,Association Sans But Lucratif (ASBL),"CONGO, DEMOCRATIC REPUBLIC OF"
1,Association Sans But Lucratif (ASBL),BELGIUM
1,Association af public purchasers,DENMARK
1,Association d'utilité publique,FRANCE
3,Association de Fait,BELGIUM
1,Association de developpement,CHAD
1,Association de droit alsacien-mosellan,FRANCE
1,Association de droit français,FRANCE
2,Association de droit français (loi 1901),FRANCE
1,Association de droit local,FRANCE
1,Association de facto,BELGIUM
7,Association de fait,BELGIUM
1,Association de faite,BELGIUM
1,Association de la loi de 1901,FRANCE
2,Association de loi 1901,FRANCE
1,Association de loi française 1901,FRANCE
1,Association declared under the Act of 1st July 1901,BELGIUM
1,Association droit local Alsace-Lorraine,FRANCE
1,Association déclaré,TUNISIA
1,Association déclarée,HUNGARY
1,Association déclarée selon la loi de 01.07.1901,FRANCE
1,Association enregistrée loi 1901 française,FRANCE
1,Association est régie par la loi du 19 avril 1908,FRANCE
1,Association for Specialist Tobacconists in the UK,UNITED KINGDOM
1,Association for public sector,FINLAND
4,Association française Loi 1901,FRANCE
1,Association française Loi 1901 Intérêt général,FRANCE
3,Association française loi 1901,FRANCE
1,Association française loi de 1901,FRANCE
1,Association international sans but lucratif (AISBL),BELGIUM
1,Association international sans but lucratif (a.i.s.b.l.) – International non-profit association under Belgian law,BELGIUM
1,"Association international sans but lucratif, loi Belge",BELGIUM
1,Association internationale - AISBL,BELGIUM
5,Association internationale sans but lucratif,BELGIUM
1,Association internationale à but non lucratif régie par le droit français et déclarée sous le régime de la loi du 1 er juillet 1901,FRANCE
1,Association loi  1901,FRANCE
12,Association loi 1901,FRANCE
1,Association loi 1901 (France),FRANCE
1,Association loi 1901 (French law of 1901),FRANCE
1,Association loi 1901 française,FRANCE
1,Association loi 1928 du Luxembourg,LUXEMBOURG
2,Association loi de 1901,FRANCE
1,Association loi française 1901,FRANCE
1,Association non-profit,ITALY
1,Association of French law,FRANCE
1,Association of Public Authorities,POLAND
1,Association of public authorities,NORWAY
1,Association professionelle de catégorie,ITALY
1,Association professionnelle,ITALY
2,Association professionnelle,FRANCE
1,Association reconnue d'utilité publique,FRANCE
1,Association registered by Chamber of Commerce Centraal Gelderland - reg.nr. 09182679.,GERMANY
1,Association registered in Sweden,SWEDEN
1,Association registered in the Netherlands,NETHERLANDS
1,Association registered under French law,SWITZERLAND
8,Association sans but lucratif,BELGIUM
1,Association sans but lucratif,LUXEMBOURG
1,Association sans but lucratif,FRANCE
1,Association sans but lucratif (a.s.b.l.) – Non-profit association,BELGIUM
1,Association sans but lucratif (asbl),LUXEMBOURG
1,Association sans but lucratif (asbl),BELGIUM
2,Association sans but lucratif de droit belge,BELGIUM
1,Association sans but lucratif de droit grec,GREECE
1,Association sans but lucratif de loi française 1901,FRANCE
1,Association under Austrian law,AUSTRIA
1,Association under Belgium law,BELGIUM
1,Association under British law,GERMANY
1,Association under Dutch law,NETHERLANDS
1,Association under Mexican Law,MEXICO
1,Association under Swiss law,SWITZERLAND
1,Association with legal status registered in France,FRANCE
1,Association with legal status registered in Switzerland,GERMANY
3,Association à but non lucratif,FRANCE
1,Association à but non lucratif (loi 1901),FRANCE
1,"Association, Loi 1901",FRANCE
1,"Association, non-profit organization (NGO)",HUNGARY
1,"Association, registered in Spain",SPAIN
1,Association- Loi de 1901,FRANCE
1,Association-loi du 1er juillet 1901,FRANCE
1,Association; Chamber of Commerce and Industry,PORTUGAL
1,Associative Organization,BELGIUM
1,Associaton based on a direct agreement between the Associates,ITALY
1,Associaton loi 1901,FRANCE
19,Associazione,ITALY
1,Associazione Culturale,ITALY
1,Associazione NON-PROFIT,ITALY
2,Associazione Onlus,ITALY
1,Associazione ai sensi art.36 CC e successivi,ITALY
2,Associazione culturale,ITALY
1,Associazione di Volontariato senza scopi di lucro,ITALY
2,Associazione di categoria,ITALY
1,Associazione di categoria senza fini di lucro,ITALY
1,Associazione di promozione sociale,ITALY
1,Associazione no profit,ITALY
1,Associazione non profit,ITALY
3,Associazione non riconosciuta,ITALY
1,Associazione non riconosciuta senza scopo di lucro,ITALY
2,Associazione riconosciuta,ITALY
1,Associazione sensa scopo di lucro,BELGIUM
1,Associazione senza fine di lucro,ITALY
2,Associazione senza fini di lucro,ITALY
2,Associazione senza scopo di lucro,ITALY
1,Associazione si settore,ITALY
1,Associazioni di categoria,ITALY
1,Associazioni non riconosciute e comitati,ITALY
1,Associação,PORTUGAL
1,Associação Não Lucrativa,PORTUGAL
1,Associação Patronal,PORTUGAL
1,Associação Sem Fins Lucrativos - ONG,PORTUGAL
1,Associação de Empregadores,PORTUGAL
2,Associação de direito privado,PORTUGAL
1,Associação empresarial sem fins lucrativos,PORTUGAL
2,Associação sem fins lucrativos,PORTUGAL
1,Attorney at law sole proprietor,UNITED STATES
1,Auto-entrepreneur,FRANCE
1,Autonomous Higher Education membership organisation,BELGIUM
1,Award for Youth Development,UNITED STATES
2,B.V.,NETHERLANDS
1,BE International Organisation,BELGIUM
1,BIEDRĪBA,LATVIA
1,BR n 51/2007 de 19 de Dezembro III Serie,MOZAMBIQUE
6,BV,NETHERLANDS
5,BVBA,BELGIUM
1,BVBA/SPRL,BELGIUM
1,Barrister,UNITED KINGDOM
1,Belgian AISBL,BELGIUM
1,Belgian BVBA/SPRL,BELGIUM
1,Belgian Limited Company,BELGIUM
2,Belgian SPRL,BELGIUM
1,Belgian Societe Anonyme,BELGIUM
1,Belgian non-profit association,BELGIUM
2,Belgian registered branch,BELGIUM
1,Belgium AISBL Internationale,BELGIUM
1,Belgium registered NGO,BELGIUM
1,Belgium registered company,BELGIUM
2,Beroepsvereniging,BELGIUM
1,Berufsverband,GERMANY
4,Besloten Vennootschap,NETHERLANDS
1,Besloten Vennootschap (BV),NETHERLANDS
1,Besloten Vennotschap,NETHERLANDS
1,Bestandteil eines e.V. (Deutscher Wanderverband),GERMANY
2,Biedrība,LATVIA
1,Body Governed by Public Law,GREECE
1,Body of Community Interest,UNITED KINGDOM
1,"Branch Office (""Un centre d’opération"" as described under article 26 octies of the Belgian Law of 27 June 1921 relating to non-profit associations)",UNITED STATES
1,Branch association,FINLAND
1,Branch of Hutchison Whampoa Europe Investments S.à.R.L. Luxembourg,HONG KONG
1,Branch organisation,SWEDEN
1,Bundesbehörde,GERMANY
1,Bundesinnungsverband,GERMANY
1,Business corporation with an Executive Board and a Supervisory Board. Société anonyme à Directoire et Conseil de surveillance.,FRANCE
1,"CAMARA DE COMERCIO, ORGANIZACION DE DERECHO PUBLICO",SPAIN
1,CHARITY,UNITED KINGDOM
1,CO,SPAIN
1,COMM V,BELGIUM
1,COMMUNITY BASED ORGANIZATION,KENYA
1,COMPANY,SWEDEN
1,"COMPANY LIMITED BY GUARANTEE, NPO",GERMANY
1,CONSTITUTE,NICARAGUA
1,CONSULTANT INDEPENDANT,SENEGAL
1,CONSULTANT INDEPENDANT,FRANCE
1,CORPORACION DE DERECHO PÚBLICO SIN ÁNIMO DE LUCRO,SPAIN
3,CORPORACIÓN DE DERECHO PÚBLICO,SPAIN
1,CVBA,BELGIUM
1,CVBA / SCRL,BELGIUM
1,Cabinet de avocat,ROMANIA
1,"Cefic Sector Group, AISBL",BELGIUM
1,Centro di gestione autonoma dell'Università degli Studi di Torino,ITALY
1,"Centro di gestione autonoma dell'Università di Torino, Italy",ITALY
1,Centrum van Werkzaamheiden,BELGIUM
1,Chamber of Commerce,CYPRUS
1,Charitable Trust (1040615) and Limited Company (1849442),UNITED KINGDOM
2,Charitable company limited by guarantee,UNITED KINGDOM
1,Charitable non-profit organisation (German e.V.),GERMANY
1,Charity,BELGIUM
1,Charity,AFGHANISTAN
19,Charity,UNITED KINGDOM
1,Charity Organization,GUATEMALA
1,Charity and Company Limited by guarantee,UNITED KINGDOM
1,Charity and Limited Company,UNITED KINGDOM
1,Charity and a company limited by guarantee,UNITED KINGDOM
1,Charity and company limited by guarantee,UNITED KINGDOM
1,Charity registered in England and Wales,UNITED KINGDOM
1,Charity registered in the UK,UNITED KINGDOM
1,"Charity, Medical Royal College",UNITED KINGDOM
1,"Charity, NGO",IRELAND
1,Cidadão,PORTUGAL
1,Citizen,UNITED KINGDOM
1,Civil Society Organisation,IRELAND
1,Civil Society Organization - non for profit,HUNGARY
1,Civil Society Organization - non for profit,AUSTRIA
1,Civil organization,HUNGARY
1,Civil partnership,BELGIUM
1,Club sans personnalité juridique,BELGIUM
1,Co Ltd by Guarantee,UNITED KINGDOM
1,Coalition of European trade and professional associations and civil society groups,BELGIUM
1,Commanditaire Vennootschap,BELGIUM
1,Commodity Exchange,SLOVAKIA
3,Community Interest Company,UNITED KINGDOM
1,Community Interest Company ltd by guarantee,UNITED KINGDOM
1,Community of European Shipyards' Associations,BELGIUM
1,Company,GERMANY
1,Company,SWITZERLAND
3,Company,BELGIUM
1,Company,"RUSSIA, FEDERATION OF"
1,Company,GREECE
3,Company,UNITED KINGDOM
2,Company,PORTUGAL
3,Company,UNITED STATES
1,Company (GCV),BELGIUM
1,Company / Aktiengesellschaft,GERMANY
1,Company / Aktiengesellschaft,SWITZERLAND
3,Company Limited by Guarantee,IRELAND
5,Company Limited by Guarantee,UNITED KINGDOM
1,Company Limited by Guarantee (not for profit),UNITED KINGDOM
1,Company Limited by Guarantee - Recognised as a body pursuing an aim of general European interest,IRELAND
1,Company Limited by Guarantee / Trade Association,UNITED KINGDOM
1,Company Limited by Guarantee and registered Charity,UNITED KINGDOM
1,Company Limited by Guarantee under English Law,UNITED KINGDOM
1,Company Limited by Guarantee with no share capital with CHY recognition from Irish Revenue Commissioner,IRELAND
1,Company Limited by Shares,SWEDEN
1,Company Limited by guarantee non profit,UNITED KINGDOM
1,Company Ltd by guarantee,UNITED KINGDOM
1,Company Registered in England,UNITED KINGDOM
1,Company Registered in England and Wales,UNITED KINGDOM
1,Company Registered in Ireland Limited by Guarantee,IRELAND
1,Company incorporated by Royal Charter,UNITED KINGDOM
9,Company limited by guarantee,UNITED KINGDOM
1,Company limited by guarantee,IRELAND
1,Company limited by guarantee & not having a share capital,UNITED KINGDOM
1,Company limited by guarantee and not having share capital,UNITED KINGDOM
1,"Company limited by guarantee part of the Christian faith community with exclusively charitable objects, registered with the Charity Commission for England and Wales",UNITED KINGDOM
1,"Company limited by guarantee, registered in England & Wales (Registration number 3652136",UNITED KINGDOM
1,"Company limited by guarantee, registered in England and Wales",UNITED KINGDOM
1,Company limited by shares,UNITED KINGDOM
1,Company limited by shares,UNITED STATES
1,Company limited by shares,NETHERLANDS
1,Company: French Societe Anonyme,FRANCE
1,Confederación,SPAIN
1,Conseiller juridique indépendant,BELGIUM
1,Consorzio,ITALY
1,Constituted body,UNITED KINGDOM
1,Consultancy,SPAIN
1,Consultancy,BELGIUM
1,Consultancy Agency,ITALY
1,Consultancy company,ITALY
1,Consultant,FRANCE
1,Consultant,ITALY
1,Consultant indépendant,FRANCE
1,Consulting firm,UGANDA
1,Consulting/Aerospace-Defense,CANADA
1,Cooperatieve vereniging,NETHERLANDS
1,Cooperativa,PORTUGAL
1,Cooperativa,ITALY
1,"Cooperativa de Solidariedade Social, CRL",PORTUGAL
1,Cooperative,FINLAND
1,Cooperative,SPAIN
1,Cooperative Limited,IRELAND
1,Corporación de Derecho Público,SPAIN
1,Corporación de Derecho público,SPAIN
1,Corporate,ITALY
1,Corporation,DENMARK
1,Corporation,FRANCE
2,Corporation,UNITED KINGDOM
20,Corporation,UNITED STATES
1,Corporation,ARGENTINA
5,Corporation,SWITZERLAND
1,Corporation,SWEDEN
1,Corporation - publicly traded,UNITED STATES
1,Créé par ordonnance du 24 septembre 1945,FRANCE
1,Czech national association of ICT industry,CZECH REPUBLIC
1,DE FACTO ASSOCIATION,BELGIUM
1,Danish NGO,DENMARK
1,Danmark mod Landminer,DENMARK
2,De facto association,BELGIUM
1,Die ARD und ihre Mitglieder sind Körperschaften des öffentlichen Rechts,BELGIUM
1,"Die DK hat keinen rechtlichen Status, sondern ist ein Zusammenschluss von Verbänden ohne eigene Infrastruktur und ohne eigenes Budget.",GERMANY
1,Digital Tidskrift,SWEDEN
1,Director,UNITED KINGDOM
1,Ditta Individuale (Libero Professionista),ITALY
1,Ditta individuale,ITALY
3,Društvo,SLOVENIA
1,Dutch Foundation (in Germany: Stiftungsverein e.V.),GERMANY
1,Dutch Private Company,NETHERLANDS
1,Dutch Stichting,UNITED KINGDOM
1,Dutch Stichting BirdLife Europe,BELGIUM
1,Dutch private limited liability company,NETHERLANDS
3,E.E.I.G.,BELGIUM
4,EEIG,BELGIUM
1,EEIG,SPAIN
1,EEIG,NETHERLANDS
1,EHRENBERG Kommunikation GmbH,GERMANY
1,EIG,LUXEMBOURG
1,EMANAZIONE DELL'ASSOCIAZIONE REAL CASA DI PORTOGALLO SENZA SCOPO DI LUCRO,ITALY
1,"EMPRESA PRIVADA, SOCIEDAD ANÓNIMA",SPAIN
1,ENTE PUBBLICO,ITALY
1,ENTE PUBBLICO NON ECONOMICO,ITALY
1,ENTREPRISE,FRANCE
1,EPBA has no legal status,BELGIUM
1,EPCI,FRANCE
1,EPIC,FRANCE
1,EPIC (French Public Research Institute),FRANCE
2,EPIC (établissement public industriel et commercial),FRANCE
1,EPOS vzw,BELGIUM
2,EPST,FRANCE
1,ETABLISSEMENT PUBLIC A CARACTERE SCIENTIFIQUE ET TECHNOLOGIQUE,FRANCE
1,EU Advocacy office,BELGIUM
1,EU Project,ARMENIA
1,EU-Vertrag in Verbindung mit § 19 Abs. 4 ROG,GERMANY
5,EURL,FRANCE
1,EUROPEAN REPRESENTATIVE OF TOURIST GUIDES,FRANCE
1,Economic Interest Group,"KOREA, REPUBLIC OF"
1,Egyesület,HUNGARY
1,Eingetragene Vereinigung,GERMANY
1,Eingetragener Kaufmann,GERMANY
29,Eingetragener Verein,GERMANY
2,Eingetragener Verein (e.V.),GERMANY
1,Eingetragener Verein (gemeinnützig),GERMANY
1,Eingetragener Verein e.V. (nach deutschem Recht),GERMANY
1,Eingetragener Verein nach deutschem Recht,GERMANY
1,Eingetragener Verrein,GERMANY
1,Einzelgesellschaft,GERMANY
1,Einzelunternehmen,AUSTRIA
1,Ej tillämpligt,SWEDEN
1,Ekspert,POLAND
1,Employers Organisation,DENMARK
1,Empresa,SPAIN
1,Empresa por quotas Limitada,PORTUGAL
1,Endesa SA,SPAIN
1,Ente Morale DPR16/09/59 n.932,ITALY
1,Ente Pubblico Economico,ITALY
1,Ente Pubblico non economico,ITALY
1,Ente Religioso,ITALY
1,Entidad sin ánimo de lucro,SPAIN
1,Entity with independent legal personality,IRELAND
1,Entreprise Individuelle,FRANCE
1,Entreprise personne physique,BELGIUM
1,Equipe de recherche habilitée par le Ministère français de l'Enseignement supérieur et de la recherche,FRANCE
1,Established by Royal Charter in 1922,UNITED KINGDOM
1,Etablissement Public Administratif de l'Etat,FRANCE
1,Etablissement d'utilité publique créé par l'ordonnance du 02/11/1945,FRANCE
2,Etablissement public,FRANCE
1,Etablissement public Administratif de l’Etat,FRANCE
1,Etablissement public administratif de l'Etat,FRANCE
1,Eurobat is not a legal entity,BELGIUM
1,European Association,BELGIUM
1,European Association according to Belgian Law,BELGIUM
2,European Economic Interest Grouping,BELGIUM
1,European Economic Interest Grouping,FINLAND
1,European Economic Interest Grouping - EEIG,BELGIUM
1,European Network,BULGARIA
1,European non-profit making NGO,FRANCE
1,Europäische wirtschaftliche Interessenvereinigung,GERMANY
1,Eventia Limited,UNITED KINGDOM
1,FACTUAL ASSOCIATION,BELGIUM
1,FEDERACION SIN ANIMO DE LUCRO,SPAIN
1,FEDERATION,SPAIN
1,FOHNEU NO1423-96,FRANCE
1,FOUNDATION,SPAIN
1,FOUNDATION,DOMINICAN REPUBLIC
1,FUNDACION,SPAIN
1,FUNDACIÓN,SPAIN
1,FUNDACIÓN DEL SECTOR PÚBLICO,BELGIUM
1,FUNDACIÓN PRIVADA SIN ÁNIMO DE LUCRO,SPAIN
1,Farmers' Association representing farmers in Malta,MALTA
1,Federación,SPAIN
1,Federation,SPAIN
2,Federation,NETHERLANDS
2,Federation,GERMANY
1,Federico Leiva Pardes,SPAIN
1,Feitelijke vereniging,BELGIUM
1,Finans og Leasing,DENMARK
1,Fokker Technologies is de handelsnaam van Fokker Technologies Holding B.V.,NETHERLANDS
1,Fonctionnaire,BELGIUM
2,Fondation,FRANCE
2,Fondation d'utilité publique,BELGIUM
1,Fondation privée,BELGIUM
1,Fondation privée / Private Stichting,BELGIUM
1,Fondation reconnue d'utilité publique,FRANCE
1,Fondation suisse à but non lucratif,SWITZERLAND
1,Fondazione,ITALY
1,Fonds,AUSTRIA
1,Fonds de dotation,FRANCE
1,For-Profit Corporation,UNITED STATES
1,For-profit Company,UNITED KINGDOM
1,For-profit Corporation,UNITED STATES
4,Forening,DENMARK
1,Foundation,SAINT MARINO
4,Foundation,ITALY
3,Foundation,SWEDEN
10,Foundation,NETHERLANDS
2,Foundation,SPAIN
1,Foundation,HUNGARY
1,Foundation,NORWAY
2,Foundation,POLAND
2,Foundation,BELGIUM
2,Foundation,SWITZERLAND
1,Foundation,UNITED STATES
1,Foundation (Nederlandse stichting),BELGIUM
1,Foundation (Stichting van openbaar nut),BELGIUM
2,Foundation (Stichting),NETHERLANDS
1,Foundation / Icelandic self-owned entity (SES),ICELAND
1,Foundation under Dutch law,NETHERLANDS
1,Foundation under Dutch law (Stichting),BELGIUM
1,Foundation under the Cyprus Trusts Law,CYPRUS
1,"Foundation, private non profit making",SPAIN
1,Foundationan,NETHERLANDS
1,Free association,ITALY
1,Freelance,SPAIN
2,Freelance consultant,NETHERLANDS
1,Freelancer Consultant,ROMANIA
1,French Société Anonyme (public limited company),FRANCE
1,French association according to 1901 law,FRANCE
1,Friendly Society,IRELAND
3,Fundación,SPAIN
1,Fundación Pública,SPAIN
1,Fundación privada sin ánimo de lucro,SPAIN
1,Fundacja,POLAND
1,Fundação,SPAIN
1,Fédération,FRANCE
1,Fédération d'entreprises,FRANCE
1,Fédération syndicale,FRANCE
1,Förening,SWEDEN
2,G.E.I.E.,BELGIUM
1,G57172645,SPAIN
1,GCV,BELGIUM
4,GEIE,BELGIUM
1,GIC,CAMEROON
1,GIE,FRANCE
1,GIE Droit belge,BELGIUM
1,GIE belge,BELGIUM
1,GMBH,SWITZERLAND
1,GbR,GERMANY
1,"GbR, non-profit Association",GERMANY
1,Gemeinderatsfraktion,AUSTRIA
1,Gemeinmütziger Verein,GERMANY
1,Gemeinnützig zur Förderung wissenschaftlicher Zwecke laut Finanzamt München für Körperschaften,GERMANY
1,Gemeinnützige Anstalt des öffentlichen Rechts,GERMANY
1,Gemeinnützige Anstalt des öffentlichen Rechts für den Auslandsrundfunk,GERMANY
2,Gemeinnütziger Verein,AUSTRIA
1,Gemeinnütziger Verein,GERMANY
1,Gemeinnütziger eingetragener Verein (DE),GERMANY
1,Genossenschaft,GERMANY
1,German GmbH,GERMANY
1,Geschäftsbereich des Diakonischen Werkes der EKD e.V.,GERMANY
1,Geschäftsbereich im Diakonischen Werk der EKD e.V.,GERMANY
1,Gesellschaft Bürgerlichen Rechts,GERMANY
1,Gesellschaft bürgerlichen Rechts,GERMANY
1,Gesellschaft bürgerlichen Rechts (GbR),GERMANY
1,Gesellschaft mit beschränkter Haftung,AUSTRIA
4,Gesellschaft mit beschränkter Haftung,GERMANY
1,Gesselschaft m.b.H.,AUSTRIA
2,Gewerkschaft,GERMANY
1,Gewerkschaftsdachverband,GERMANY
1,Giuseppe padre II s.r.l.,ITALY
19,GmbH,GERMANY
5,GmbH,AUSTRIA
1,GmbH & Co OHG,GERMANY
1,GmbH & Co. KG,GERMANY
1,GmbH&Co.EU,GERMANY
1,Government Agency (Danish Agency for Libraries and Media),DENMARK
1,Governmental institution,CZECH REPUBLIC
1,Group,BELGIUM
1,Groupement d'Intérêt Economique (G.I.E.),BELGIUM
1,Groupement d’Intérêts Economiques,FRANCE
1,Groupement européen d'intérêt économique,BELGIUM
1,Headquarter - Foundation,NETHERLANDS
1,Higher Education Institution,UNITED KINGDOM
1,Humanitarian Aid Organization,AUSTRIA
1,Hybrid Fourth Sector Social Enterprise (unincorporated),PORTUGAL
1,Héctor Fabio Romero Tabares,COLOMBIA
1,I.Z.V.W.,NETHERLANDS
2,IASBL,BELGIUM
1,ICMA is established as an association under the laws of Switzerland with independent legal capacity,SWITZERLAND
1,IGO,FRANCE
1,III (Gemeinnütziger Verein),GERMANY
1,INC,UNITED STATES
1,INDIVIDUAL,INDIA
1,INDIVIDUAL PRIVAT PERSON,BELGIUM
1,INGO,BELGIUM
1,INGO,NETHERLANDS
3,INPA,BELGIUM
1,INSTITUCION DE DERECHO PUBLICO CON PERSONALIDAD JURÍDICA Y PATRIMONIO PROPIO,SPAIN
1,INSTITUCIÓN DE DERECHO PÚBLICO,SPAIN
4,IVZW,BELGIUM
1,IVZW - International non-profit association,BELGIUM
1,IVZW / AISBL,BELGIUM
1,IVZW/AISBL (Belgium),BELGIUM
1,Ideell Förening,SWEDEN
5,Ideell förening,SWEDEN
1,Ideell organisation,SWEDEN
1,Import Export,PAKISTAN
1,Inc,UNITED KINGDOM
1,Inc,UNITED STATES
2,Inc.,UNITED STATES
1,Inc.,CANADA
2,Incorporated,UNITED STATES
1,Incorporated Association under Canadian law,CANADA
1,Incorporated Company,UNITED KINGDOM
1,Incorporated Entity,UNITED STATES
1,"Incorporated as an ""Association Loi 1901"", not-for-profit association in FRANCE (international federation)",FRANCE
1,Incorporated association (e. V.),GERMANY
1,Incorporated by Royal Charter,UNITED KINGDOM
1,Incorporated by Royal Charter dating from 1845,UNITED KINGDOM
1,Incorporated company,UNITED KINGDOM
1,Incorporated entity,UNITED KINGDOM
1,"Incorporated in the State of Delaware, USA",UNITED STATES
1,Independant consultant,BELGIUM
1,Independent Consultant,UNITED KINGDOM
1,Independent Consultant,GERMANY
1,Independent Consultant,POLAND
1,Independent Contractor,LUXEMBOURG
1,Independent Economist,SPAIN
1,Independent Statutory body,UNITED KINGDOM
1,Independent consultant,BELGIUM
1,Indipendent,BELGIUM
1,Individe,ALBANIA
1,Individual/Sole Trader,ITALY
1,Industry Association,BRAZIL
1,Industry association,ITALY
1,Industry trade body,UNITED KINGDOM
1,Indépendant,FRANCE
1,Indépendant à titre complémentaire,BELGIUM
1,Informal alliance of independent small volume car manufacturers,BELGIUM
1,Informal group,UNITED KINGDOM
1,"Informal grouping of the six largest accounting networks in the European Union, originally set up in 1993.  It was set up at the suggestion of the European Commission.",BELGIUM
1,Informal network,BELGIUM
2,Institute - company,GERMANY
1,Institution financière publique - France,FRANCE
1,Institution under public law,FINLAND
1,Interessenvertretung,GERMANY
1,Intergovernmental Organisation,BELGIUM
1,Intergovernmental Organization,BELGIUM
1,Internation not for profit (under Belgian law),BELGIUM
1,International Association,BELGIUM
1,International Association according to Article 60 and following of Swiss Civil Code,SWITZERLAND
1,International Association under Belgian Law,BELGIUM
1,International Dockworkers Council,SPAIN
1,International NGO,SUDAN
1,International NGO,INDIA
1,International NGO,NETHERLANDS
1,International NGO under Belgian Law,BELGIUM
1,International Nobility Association,GUATEMALA
1,International Non Profit Association,UNITED KINGDOM
1,International Non Profit Association under Belgian Law (AISBL),BELGIUM
1,International Non Profit Making Organisation,BELGIUM
2,International Non Profit Organisation,BELGIUM
1,International Non-Governmental Network,GERMANY
1,International Non-Profit Association,BELGIUM
1,International Non-Profit Organisation,BELGIUM
1,International Not for Profit Association under Belgian Law,BELGIUM
1,International Not-for Profit Association (AISBL),BELGIUM
4,International Not-for-Profit Association,BELGIUM
1,International Not-for-Profit Association (AISBL),BELGIUM
1,International Organisation,ITALY
1,International Organisation under Swiss Law,SWITZERLAND
1,International Organisation with a Scientific and Pedagogical Purpose,BELGIUM
1,International association,DENMARK
1,International association under Belgian law,BELGIUM
1,International non governmental organisation,SPAIN
1,International non profit association of a scientific character,BELGIUM
1,International non profit foundation,SWITZERLAND
1,International non profit making association,BELGIUM
1,International non-profit Association,BELGIUM
1,International non-profit association,GERMANY
1,International non-profit association,BELGIUM
2,International non-profit association (aisbl),BELGIUM
1,"International non-profit association, established under Belgian law (aisbl)",BELGIUM
1,"International non-profit making organisation registred under the Belgian law, nr 16377/1997",BELGIUM
1,International non-profit organisation,BELGIUM
1,International non-profit organisation under Belgian law (aisbl),BELGIUM
1,International non-profit organization,BELGIUM
1,International non-profit organization by virtue of a Belgian Royal Decree of 1999,BELGIUM
1,International non-profit-making association,BELGIUM
1,International non-profit-making association (aisbl),BELGIUM
1,International not-for-profit association,SPAIN
1,International organisation,SWITZERLAND
1,International vereniging zonder winstoogmerk,BELGIUM
1,Internationale Non Profit Associatie (INPA),BELGIUM
1,Internationale VZW,BELGIUM
1,"Internationl organisation, Belgium",SLOVENIA
1,Internet-Forum,BELGIUM
1,Interprofession,FRANCE
1,Intresseorganisation,SWEDEN
1,Irish parent and carer NGO,IRELAND
1,IÑIGO CAÑEDO,SPAIN
1,Jednoskta organizacyjna Urzędu Marszałkowskiego Województwa Podlaskiego,POLAND
1,Joint Stock Company,ROMANIA
1,Joint Stock company,ITALY
1,Juristische Person des Privatrechts,GERMANY
1,KGaA,GERMANY
1,Kellogg Europe Trading LTD,IRELAND
1,Kommanditgesellschaft,GERMANY
1,Kommanditgesellschaft (Limited Partnership under German Law),GERMANY
1,Kommanditgesellschaft auf Aktien,GERMANY
1,Kontor - sammenslutning af offentlige myndigheder,DENMARK
1,Kooperative,MALTA
1,Koordinierungsstelle,GERMANY
4,Körperschaft des öffentlichen Rechts,GERMANY
1,Körperschaft öffentlichen Rechts,BELGIUM
9,Körperschaft öffentlichen Rechts,AUSTRIA
1,Körperschaft öffentlichen Rechts / Corporation under Public Law,BELGIUM
1,Közhasznú egyesület,HUNGARY
1,Köztestület,HUNGARY
1,Közép Európai Civil Kutató Intézet,HUNGARY
1,"Közérdek politikus, vezető jogvédő",HUNGARY
1,"L'Agence  est régie par les dispositions du titre III de la loi du 27 juin 1921 selon la loi Belge, ainsi que selon la Charte des droits fondamentaux de l'Union Européenne, et en particulier ses articles 1, 8, 19, 20, 21, 24, 25, 35 et 45.",BELGIUM
1,LAVORATORE AUTONOMO,ITALY
2,LIMITED COMPANY,UNITED KINGDOM
1,LIMITED LIABILITY PARTNERSHIP,POLAND
2,LLC,ROMANIA
1,LLC,BELGIUM
1,LLC,BULGARIA
1,LLC/SPRL,BELGIUM
1,LLP,UNITED KINGDOM
1,LOI 1901,FRANCE
1,LTD,SPAIN
1,LTD,GREECE
3,LTD,UNITED KINGDOM
1,LTD private company,ROMANIA
1,Labo de recherches au sein de l'Association ESSEC Business School,FRANCE
1,Landes-GmbH des Landes Niedersachsen,GERMANY
1,Landtag,AUSTRIA
1,Law Firm,ITALY
1,Law Firm,AUSTRIA
1,Law Firm - Studio Legale - Cabinet d'Avocats,ITALY
1,Law Office,PORTUGAL
1,Law firm,GERMANY
2,Lawyer,ITALY
1,Lecturer,IRELAND
1,Legal entity,NORWAY
1,Legal entity with limited liability,BELGIUM
1,Libero professionista,ITALY
1,Limitd Company,UNITED KINGDOM
1,Limited,POLAND
6,Limited,UNITED KINGDOM
2,Limited,BELGIUM
1,Limited Company,ROMANIA
1,Limited Company,SLOVAKIA
4,Limited Company,IRELAND
1,Limited Company,SWITZERLAND
26,Limited Company,UNITED KINGDOM
1,Limited Company (Division of a publicly listed US corporation),UNITED KINGDOM
1,Limited Company (UK),UNITED KINGDOM
1,Limited Company by Guarantee,UNITED KINGDOM
1,Limited Company incorporated in England & Wales,UNITED KINGDOM
1,Limited Company under Public Law,BELGIUM
1,Limited Company under the laws of England and Wales,UNITED KINGDOM
1,Limited Compnay,UNITED KINGDOM
1,Limited Liability,BELGIUM
1,Limited Liability ( LTD ),IRELAND
1,Limited Liability - private company,SWEDEN
1,Limited Liability Company,CROATIA
1,Limited Liability Company,BELGIUM
3,Limited Liability Company,UNITED KINGDOM
1,Limited Liability Company,NORWAY
1,Limited Liability Company (NV/SA),BELGIUM
1,Limited Liability Copany,ITALY
1,Limited Liability Corporation,SPAIN
2,Limited Liability Partnership,UNITED KINGDOM
1,Limited Liability Partnership,BELGIUM
1,Limited Liability company,UNITED KINGDOM
1,Limited Partnership (société en commandite simple),BELGIUM
1,Limited agricultural organisation,ISRAEL
1,Limited by Guarantee,UNITED KINGDOM
1,Limited by guarantee,UNITED KINGDOM
1,Limited company,DENMARK
9,Limited company,UNITED KINGDOM
1,Limited company,SPAIN
1,Limited company,FINLAND
1,Limited company,HUNGARY
1,Limited company (LTD),UNITED KINGDOM
1,Limited company incorporated in the Republic of Ireland,IRELAND
1,Limited company registered in England,UNITED KINGDOM
1,Limited company without share capital,IRELAND
1,Limited liability company,UNITED KINGDOM
1,Limited liability company,ITALY
1,Limited liability company,SLOVAKIA
1,Limited liability company registered in Norway,NORWAY
1,Limited-liability company: Shungham Information sprl,BELGIUM
1,Listed company,UNITED KINGDOM
1,Listed company,UNITED STATES
1,Listed company,FINLAND
1,Listed stock corporation,GERMANY
1,Local Authority/ government body,UNITED KINGDOM
1,Local Governments Association,ROMANIA
1,Local authority,SWEDEN
1,Local authority,UNITED KINGDOM
1,Loi d'association 1901,FRANCE
3,Ltd,UNITED KINGDOM
1,Ltd,BELGIUM
1,Ltd,CZECH REPUBLIC
1,Ltd,SLOVENIA
1,Ltd,FRANCE
1,Ltd.,CZECH REPUBLIC
1,Ltd.,UNITED KINGDOM
1,Ltd. company under South African law,SOUTH AFRICA
1,MATISZ,HUNGARY
1,MIGUEL ANGEL SANCHO GARGALLO,SPAIN
1,MINISTERIAL ORDER,RUANDA
1,MTÜ/ Non profit,ESTONIA
1,Medlemsorganisation,DENMARK
1,Membership Association,UNITED KINGDOM
1,Miesten tasa-arvo ry,FINLAND
1,Mitarbeiterin,GERMANY
1,N.G.O,KENYA
1,N.G.O,GREECE
7,N.V.,NETHERLANDS
1,N.V./S.A.,BELGIUM
1,"NA - alliance of trade associations, suppliers, think tanks and academia",UNITED KINGDOM
1,NATIONAL PROFESSIONAL ASSOCIATION,GREECE
4,NGO,SPAIN
2,NGO,"MOLDOVA, REPUBLIC OF"
1,NGO,BOSNIA-HERZEGOVINA
1,NGO,TURKEY
2,NGO,MALTA
1,NGO,"SYRIA, ARAB REPUBLIC"
4,NGO,NORWAY
1,NGO,CROATIA
4,NGO,UNITED KINGDOM
9,NGO,ROMANIA
2,NGO,NETHERLANDS
3,NGO,BULGARIA
1,NGO,NETHERLANDS ANTILLES
1,NGO,ISRAEL
3,NGO,SERBIA
1,NGO,BRITISH VIRGIN ISLANDS
5,NGO,DENMARK
5,NGO,UNITED STATES
1,NGO,BRAZIL
1,NGO,LITUANIA
3,NGO,HUNGARY
1,NGO,FINLAND
1,NGO,LUXEMBOURG
2,NGO,SWITZERLAND
3,NGO,POLAND
2,NGO,CYPRUS
5,NGO,FRANCE
4,NGO,AUSTRIA
8,NGO,BELGIUM
10,NGO,GERMANY
5,NGO,ITALY
2,NGO,CZECH REPUBLIC
1,NGO,MONTENEGRO
1,NGO,"MACEDONIA, FORMER YUGOSLAV REPUBLIC OF"
5,NGO,SWEDEN
3,NGO,GREECE
1,NGO (Local Development Organization),PORTUGAL
1,NGO (Registration Number 476.356.013),BELGIUM
1,NGO - ECOSOC observer status,DENMARK
1,NGO - Non profit making,ITALY
1,NGO / Umbrella association,BELGIUM
1,NGO Network,DENMARK
1,NGO NonProfit,ROMANIA
1,NGO public health,"MACEDONIA, FORMER YUGOSLAV REPUBLIC OF"
1,NGO with consultant status at the Council of Europe and ECOSOC (UN),SWEDEN
1,"NGO, Non profit",UNITED KINGDOM
1,NGO-  Non Profit,GREECE
1,NGO/Association,BELGIUM
1,NGO/Association,SPAIN
1,NGO: Non Profit Organisations,UNITED KINGDOM
1,NIP: 7811765148,POLAND
1,NO,SPAIN
1,NO PROFIT,ITALY
1,NON DISPONIBILE,ITALY
1,NON FOR PROFIT ASSOCIATION - organisation of healthcare professionals based on individual membership,SWITZERLAND
1,NON PROFIT,SPAIN
1,NON PROFIT ORGANISATION,FRANCE
1,NON PROFIT UNDER PRIVATE LAW,SPAIN
1,NON-GOVERNMENTAL,NIGERIA
1,NOT FOR PROFIT ORGANISATION,UNITED KINGDOM
1,NPO,ISRAEL
1,NPO,BELGIUM
1,NV,GERMANY
1,NV,BELGIUM
1,NV,UNITED STATES
1,NV van publiek recht,BELGIUM
1,"NV, sub-licentiehouder van ECDL Foundation Ltd",NETHERLANDS
1,NV/PLC,NETHERLANDS
4,NV/SA,BELGIUM
1,NVO,SERBIA
1,NYSE listed company,UNITED STATES
1,Naamloos Venootschap,NETHERLANDS
1,Naamloze Vennootschap,NETHERLANDS
2,Naamloze Vennootschap,BELGIUM
1,Naamloze Vennootschap/public limited liability company,NETHERLANDS
3,Naamloze vennootschap,NETHERLANDS
1,National Association,SPAIN
1,National Federation,SPAIN
1,National Representative Organisation,IRELAND
1,National association,NORWAY
1,Natrional Federation,NORWAY
1,Natural Person.  Independent,BELGIUM
1,Network,BELGIUM
2,Network,ITALY
1,Netzwerk mit Trägerverein,GERMANY
1,Netzwerk ohne rechtlichen Status,GERMANY
1,Ngo,ITALY
1,Nicht eingetragener Verein,GERMANY
1,Nichtrechtsfähiger Verein,GERMANY
1,Niezależny konsultant,POLAND
1,Nike European Operations Netherlands B.V.,NETHERLANDS
1,No,SPAIN
1,No,AUSTRIA
1,No legal entity,LATVIA
1,No profit cultural association,ITALY
1,Nokia Corporation,FINLAND
1,Non -for- profit international organization,BELGIUM
1,Non Departmental Public Body,UNITED KINGDOM
1,Non Govermental Organization,IRELAND
1,Non Governamental Organization,ROMANIA
1,Non Governemental - Non Profit Organisation,GREECE
1,Non Governmental Org.,FRANCE
1,Non Governmental Organisation,DENMARK
1,Non Governmental Organisation,IRELAND
1,Non Governmental Organization,GREECE
1,Non Profit,ITALY
1,Non Profit,NORWAY
1,Non Profit - AISBL,BELGIUM
1,Non Profit Association,GERMANY
1,Non Profit Organisation,GERMANY
6,Non Profit Organisation,BELGIUM
1,Non Profit Organisation,SWEDEN
1,Non Profit Organisation,BRAZIL
1,Non Profit Organisation,"RUSSIA, FEDERATION OF"
1,"Non Profit, Slovakia",SLOVAKIA
1,Non Profitable Organisation,BELGIUM
1,Non available,NORWAY
1,Non available,ARGENTINA
2,Non available,NETHERLANDS
1,Non departmental public body,UNITED KINGDOM
1,Non for Profit Organisation,GERMANY
1,Non for profit organisation,SPAIN
1,Non for profit organisation,BELGIUM
1,Non for profit organisation - No legal status,BELGIUM
1,Non governmental Organisation,BELGIUM
1,Non governmental organisation,BELGIUM
2,Non profit,UNITED STATES
1,Non profit,BELGIUM
1,Non profit Association,SPAIN
1,Non profit Association,BELGIUM
1,Non profit Organization,ITALY
1,Non profit and private association,ITALY
1,Non profit association,DENMARK
1,Non profit association VR 9885 registered at Court of Duesseldorf,GERMANY
1,Non profit making,BULGARIA
1,Non profit organisation,BELGIUM
1,Non profit organisation under Belgian law,BELGIUM
1,Non profit organization,BELGIUM
1,Non profit organization (asbl),BELGIUM
1,Non profit-making organisation (ASBL),BELGIUM
1,Non profit/professional association,SWEDEN
1,Non profitable Organization,BELGIUM
1,Non- profit Organisation,UNITED STATES
1,Non-Available,UNITED KINGDOM
1,Non-Governemental Organisation,NETHERLANDS
1,Non-Governmental Organisation,SPAIN
1,Non-Governmental Organisation,UNITED KINGDOM
1,Non-Profit Company,CYPRUS
1,Non-Profit Organisation,BELGIUM
1,Non-Profit Organisation under Belgian Law,BELGIUM
1,Non-for-profit company registered by Companies Registration Office 346469,IRELAND
1,Non-governmantal organisation,TURKEY
1,Non-governmental,UNITED KINGDOM
1,Non-governmental Organization,ROMANIA
1,Non-governmental and non profit creative-professional organization from 1934,BULGARIA
1,Non-governmental organisation,ROMANIA
1,Non-governmental organisation,DENMARK
1,Non-governmental organization,DENMARK
1,Non-governmental organization,UNITED STATES
1,"Non-governmental, non-profit organization",ROMANIA
1,Non-ministerial government department,UNITED KINGDOM
1,Non-profit,POLAND
1,Non-profit Company,UNITED KINGDOM
1,Non-profit International Association,BELGIUM
1,Non-profit Organisation,UNITED STATES
1,Non-profit Organisation (aisbl),BELGIUM
1,Non-profit association,NETHERLANDS
3,Non-profit association,BELGIUM
2,Non-profit association,SWEDEN
1,Non-profit association,GERMANY
1,Non-profit association (ASBL),BELGIUM
1,Non-profit association (a.i.s.b.l.),BELGIUM
1,Non-profit association under Dutch law,NETHERLANDS
1,Non-profit charity in Ireland,IRELAND
1,Non-profit erhvervsorganisation,DENMARK
1,Non-profit foundation,SWEDEN
1,Non-profit international Organisation,BELGIUM
1,Non-profit making trade association,NORWAY
1,Non-profit organisation,"RUSSIA, FEDERATION OF"
1,Non-profit organisation,SWEDEN
6,Non-profit organisation,BELGIUM
1,Non-profit organisation,SWITZERLAND
1,Non-profit organisation,GREECE
1,Non-profit organisation,ROMANIA
1,Non-profit organisation,FRANCE
1,Non-profit organisation (AISBL),BELGIUM
2,Non-profit organisation (ASBL),BELGIUM
1,Non-profit organisation under Belgian law (asbl),BELGIUM
1,Non-profit organization,SPAIN
1,Non-profit organization,BULGARIA
1,Non-profit organization (onlus),ITALY
1,Non-profit private foundation,SPAIN
1,"Non-profit, academic, international",BELGIUM
1,"Non-profit, membership-based organization",SWITZERLAND
1,"Non-profitmaking organisation, registered as Vereniging in the Netherlands",NETHERLANDS
1,"Non-profitmaking organisation, registered as e.V. in Germany",GERMANY
1,None,UNITED KINGDOM
2,None,BELGIUM
2,None,UNITED STATES
1,None - AURE is an informal network of UK healthcare professional regulators,UNITED KINGDOM
1,"None, citizen group",BELGIUM
1,None- NGO without a legal personality,BELGIUM
1,"None. The CMBA is an informal coalition with neither own budget, nor own offices, nor any legal personality.",BELGIUM
1,Nongovernmental organization,SERBIA
1,Nonprofit Association,NETHERLANDS
1,Nonprofit membership organization,UNITED STATES
1,Nonprofits Association,SPAIN
1,Norwegian ASA,NORWAY
1,Norwegian state-owned enterprise,NORWAY
1,Not available,FRANCE
1,Not for Profit,BELGIUM
1,Not for Profit,UNITED STATES
1,Not for Profit Association,UNITED KINGDOM
1,Not for Profit Limited Company,UNITED KINGDOM
1,"Not for Profit, Non-Governmental Foundation",BELGIUM
1,Not for profit,IRELAND
1,Not for profit Limited by guarentee,UNITED KINGDOM
1,Not for profit association,SPAIN
2,Not for profit association,UNITED KINGDOM
1,Not for profit association,FRANCE
1,Not for profit company limited by guarentee,UNITED KINGDOM
1,Not for profit entity,UNITED KINGDOM
1,Not for profit industry standards body - trust owned,UNITED KINGDOM
1,Not for profit limited liability,UNITED KINGDOM
1,Not for profit limited liability company,UNITED KINGDOM
1,Not for profit non governmental association,NETHERLANDS
1,Not for profit organisation,BELGIUM
1,Not for profit organisation,SWEDEN
1,Not for profit organisation limited by guarantee,UNITED KINGDOM
1,"Not for profit organisation, Aisbl",BELGIUM
1,Not for profit trade association,UNITED STATES
1,Not for profit trade association,ITALY
1,Not-for-profit,BELGIUM
1,Not-for-profit Professional Organization,CANADA
1,Not-for-profit association,UNITED KINGDOM
1,Not-for-profit association according to the laws of the State of New York (USA),UNITED STATES
1,Not-for-profit association under French law (Association Loi 1901),FRANCE
1,Not-for-profit company,FRANCE
1,Not-for-profit company,UNITED KINGDOM
1,Not-for-profit corporation,UNITED KINGDOM
1,Not-for-profit industry association,ITALY
2,Not-for-profit organisation,BELGIUM
1,Not-for-profit organisation with no legal identity,GERMANY
1,Not-for-profit organization,ITALY
1,"Not-for-profit, member-owned Co-operative",UNITED KINGDOM
1,Novozymes A/S,DENMARK
2,N° 684,ARGENTINA
1,OING,FRANCE
4,ONG,SPAIN
2,ONG,FRANCE
5,ONG,ROMANIA
1,ONG,ITALY
1,ONG,GUINEA
1,ONG,BENIN
1,ONG - ONLUS,ITALY
1,ONG SEN ÁNIMO DE LUCRO,SPAIN
1,ONG/Asociatie,ROMANIA
4,ONLUS,ITALY
1,ONLUS/ONG,BELGIUM
2,OPP,SPAIN
1,ORDINE CAVALLERESCO,ITALY
1,ORGANISATION PROFESSIONNELLE,FRANCE
1,ORGANIZACION DE PRODUCTORES,SPAIN
2,ORGANIZACIÓN EMPRESARIAL,SPAIN
1,ORGANIZACIÓN INTERNACIONAL,SPAIN
1,ORGANIZAÇÃO NÃO-GOVERNAMENTAL,PORTUGAL
1,ORGANIZZAZIONE INTERNAZIONALE,ITALY
1,Official Procurement Consulting Ltd.,HUNGARY
1,Ong,ROMANIA
2,Onlus,ITALY
1,"Ordine Cavalleresco ""non nazionale""",ITALY
1,Ordre professionnel,FRANCE
2,Organisation,DENMARK
3,Organisation,NORWAY
1,Organisation,GERMANY
2,Organisation,NETHERLANDS
1,Organisation,LUXEMBOURG
1,Organisation Interprofessionnelle,FRANCE
1,Organisation Professionnelle,FRANCE
1,Organisation non gouvernementale à but non lucratif,SWITZERLAND
1,Organisation professionelle - syndicat,FRANCE
2,Organisation professionnelle,FRANCE
1,Organisation representing regional authorities,FRANCE
1,Organisation à but non lucratif,MAURITANIA
1,"Organisme privé, doté de la personnalité morale, chargé par le législateur d'une mission de service public",BELGIUM
1,Organisme public de recherche,FRANCE
1,Organismo Internazionale - Intergovernment Diplomatic Office,ITALY
1,Organismo No-Profit - Onlus,ITALY
1,Organización Profesional Agraria nacional,SPAIN
1,Organización de segundo grado sin fines de lucro.,ECUADOR
1,Organización empresarial,SPAIN
1,Organizacja Pracodawców,POLAND
1,Organizacja producentów w sektorze rybołówstwa,POLAND
1,"Organizaţie profesională cu statut statut de persoană juridică, înfiinţată prin lege",ROMANIA
1,Organizzazione ONLUS,ITALY
1,Organizzazione di volontariato,ITALY
1,Orgonizacion no gubernamental,SPAIN
1,Overheid,BELGIUM
1,Owner / Partner private company,NETHERLANDS
1,PARTNERSHIP,CYPRUS
1,PBO,NETHERLANDS
7,PLC,UNITED KINGDOM
1,PLC,GERMANY
1,PLC & Co. KG,GERMANY
1,PRIVATE COMPANY LIMITED BY GUARANTEE,CYPRUS
1,PRIVATE NO PROFIT,ITALY
1,PRIVATE NON PROFIT COMPANY,SPAIN
1,PRIVATE RECRUITING AND EMPLOYMENT OFFICE,CYPRUS
1,PROFESSIONAL ASSOCIATION,ROMANIA
1,PUBLIC ADMINISTRATION,ITALY
1,PUBLIC COMPANY,FRANCE
1,PUBLIC PROFESSIONAL BODY,ITALY
1,PYME,SPAIN
1,Pariti politique guinéen,GUINEA
1,Part of KDC Group Belgian BVBA,BELGIUM
1,"Part of Umeå University, a public university in Sweden",SWEDEN
1,Part of West Midlands Councils,UNITED KINGDOM
1,Part of a German registered non-profit organisation (e. V.),GERMANY
1,Partido Político,SPAIN
1,Partnerschaftsgesellschaft,GERMANY
1,Partnership,BELGIUM
1,Partnership,FINLAND
1,Państwowy Instytut Badawczy,POLAND
1,Persoana fizica,ROMANIA
1,Persona giuridica,ITALY
1,Personnal Company,GREECE
1,Personne agissant en qualité d'indépendant,FRANCE
1,Pharmaceutical Company,FRANCE
2,Platform,SPAIN
1,Plc,HUNGARY
1,Plc,IRELAND
1,Plc.,DENMARK
1,Political alliance of regional councils,NORWAY
1,Portuguese limited liability company,PORTUGAL
1,Presidente,SPAIN
1,Private,UNITED KINGDOM
1,Private - Non profit organisation (Asbl),BELGIUM
1,Private Association,SPAIN
1,Private Company,ITALY
1,Private Foundation,SPAIN
1,Private Foundation,NETHERLANDS
1,Private Foundation under Belgian Law.,BELGIUM
1,"Private Foundation under Belgian law, founded in 2003",BELGIUM
1,Private LLC,NETHERLANDS
1,Private Law Body,NETHERLANDS
1,Private Limited Company,NORWAY
8,Private Limited Company,UNITED KINGDOM
1,Private Limited Liability Company (SPRL),BELGIUM
1,Private Limited Partnership,UNITED KINGDOM
1,Private Limited company,UNITED KINGDOM
1,Private Organization,DENMARK
1,Private body,SPAIN
1,Private body governed by public law,SPAIN
3,Private company,BELGIUM
2,Private company,UNITED KINGDOM
1,Private company,NORWAY
1,Private company with limited responsibility,BULGARIA
1,Private firm,NETHERLANDS
1,Private foundation,SPAIN
1,Private limited company,PORTUGAL
1,Private limited company,UNITED KINGDOM
1,Private limited company by shares,GERMANY
1,Private non profit research institute,PORTUGAL
1,Private organisation,NORWAY
1,"Private, limited by guarantee, no share capital",UNITED KINGDOM
1,Privately held energy advisory company,UNITED KINGDOM
1,Privately owned company,UNITED STATES
1,Privato,ITALY
1,Pro,SWEDEN
1,Producer Organisation,DENMARK
1,Producer Organization,SPAIN
1,Producers Organisation,UNITED KINGDOM
1,Profession libérale,FRANCE
1,Professional Association,GERMANY
1,Professional Association,FRANCE
2,Professional Association,UNITED KINGDOM
3,Professional Association,ITALY
1,Professional Body,UNITED KINGDOM
1,Professional Business Organisation,UNITED KINGDOM
1,Professional Consultancy,GERMANY
1,Professional association,POLAND
1,Professional association,SWEDEN
1,Professional association,FRANCE
1,Professional association and trade union,UNITED KINGDOM
1,Professional body and charity,UNITED KINGDOM
1,Professional consultancies,BELGIUM
1,Professional organization,ITALY
1,Propia regulada por los Estatutos,SPAIN
1,Public Academic institution,PORTUGAL
1,Public Administration,SPAIN
1,Public Administration,POLAND
4,Public Authority,BELGIUM
1,Public Company,UNITED STATES
1,Public Company,AUSTRALIA
1,Public Company,NORWAY
1,Public Company Limited by Guarantee,UNITED KINGDOM
1,Public Corporation,GERMANY
1,Public Institute with commercial duties,FRANCE
1,Public Law,NIGERIA
1,Public Law Corporation,SPAIN
1,Public Limited Company,IRELAND
1,Public Limited Company,UNITED STATES
8,Public Limited Company,UNITED KINGDOM
1,Public Research Institute,SLOVENIA
1,Public Traded Company,DENMARK
2,Public University,ITALY
1,Public Utility (SA),GREECE
1,"Public body, local government",SWEDEN
1,Public company,FINLAND
1,Public company,UNITED KINGDOM
1,Public law institution,DENMARK
1,Public limited company,MALTA
1,Public limited company,FRANCE
1,"Public limited company, registered in UK",UNITED KINGDOM
1,Public organisation,CROATIA
1,Public university,SPAIN
1,Publically traded company on NYSE,UNITED STATES
1,Publicly Listed Company,ITALY
1,Publicly Listed Corporation,ITALY
1,"Publicly Traded Corporation, incorporated in the State of Washington, United States of America",UNITED STATES
1,Publicly listed corporation,ITALY
1,RCCM/GC-KAL/037.304B/2011,GUINEA
1,REGISTERED ASSOCIATION,FINLAND
1,REGISTERED CHARITY,UNITED KINGDOM
1,RESEARCH IN MOTION LIMITED,CANADA
1,REgistered Limited Company,UNITED KINGDOM
1,Rechtsanwälte Partnerschaft,GERMANY
1,Rechtsanwältin,BELGIUM
1,Rechtsfähige Stiftung,GERMANY
1,Rechtsfähige Stiftung des bürgerlichen Rechts,GERMANY
1,Region,CROATIA
1,Regional Agency,ITALY
1,Regional R&D Platform Grouping,SPAIN
1,Regional Representation to the EU,BELGIUM
1,Regional organisation,AUSTRIA
1,Regional representation,BOSNIA-HERZEGOVINA
1,Regionalverwaltungsbehörde,AUSTRIA
1,Registado,PORTUGAL
1,Register NGO VO 054,MALTA
1,Register in Myanmar,MYANMAR
1,Registered,GHANA
1,Registered  Association,GERMANY
1,Registered Associates,GERMANY
3,Registered Association,GERMANY
3,Registered Association,FINLAND
1,Registered Association (e.V.),BELGIUM
1,Registered Association CH-247.6.000.010-3/,SWITZERLAND
1,Registered Charity,GERMANY
1,Registered Charity,IRELAND
8,Registered Charity,UNITED KINGDOM
1,Registered Charity and Company,UNITED KINGDOM
1,Registered Charity: CHY 7680,IRELAND
1,Registered Company,CYPRUS
1,Registered Company Limited by Guarantee Charity,UNITED KINGDOM
1,Registered Company in Ireland,IRELAND
1,Registered International Charity Organization,PAKISTAN
1,Registered Irish Charity,IRELAND
1,Registered Organization,CAMBODIA
2,Registered Society,INDIA
1,Registered UK Charity & Social Enterprise,UNITED KINGDOM
1,Registered UK charity,UNITED KINGDOM
1,"Registered Under Indian Societies Registration Act ,1860.",INDIA
1,Registered association,GERMANY
3,Registered association,FINLAND
1,Registered association,BELGIUM
1,Registered association (eingetragener Verein),GERMANY
1,Registered association according to German law,GERMANY
1,Registered charity,UNITED KINGDOM
2,Registered charity,GERMANY
1,"Registered charity in England and Wales, No: 1136629",UNITED KINGDOM
1,Registered company in Belgium,BELGIUM
1,Registered company in the UK,UNITED KINGDOM
1,Registered company no. 2098198,UNITED KINGDOM
1,"Registered in Belgium as Operational Centre of Save the Children UK, registered Charity under UK law",BELGIUM
1,"Registered in Bruxelles, Belgium",BELGIUM
1,Registered non-for-profit Organisation,GERMANY
1,Registered non-profit organisation (in Germany),GERMANY
1,Registered organisation,FINLAND
1,Registered organisation,SWEDEN
1,Registered organization,SWEDEN
1,"Registered, non-profit association under German law",GERMANY
1,Registro Grupo 1/Sección 1/nº nacional 168266,SPAIN
1,Regulatory arm of the Law Society of England and Wales,UNITED KINGDOM
6,Rekisteröity yhdistys,FINLAND
1,Representative Association,UNITED KINGDOM
1,Representative Body for Community Pharmacists in Ireland,IRELAND
1,Representative Office,JAPAN
2,Representative Office,BELGIUM
1,Representative body for the veterinary profession in the UK,UNITED KINGDOM
1,Representative office,"RUSSIA, FEDERATION OF"
1,Representative office of US (non profit) organization,UNITED STATES
1,"Repsol YPF, S.A.",SPAIN
1,Research Centre,HUNGARY
1,Research Funding Organisations,BELGIUM
1,Research Performing Organization,ITALY
1,Research consortium,NETHERLANDS
1,Research organisation,UNITED KINGDOM
1,Research organisation,PORTUGAL
1,Rolnicze zrzeszenie branżowe,POLAND
1,S.A,BELGIUM
3,S.A.,FRANCE
3,S.A.,LUXEMBOURG
1,S.A.R.L,FRANCE
1,S.A.R.L.,FRANCE
1,S.C.R.L  ( droit belge),BELGIUM
2,S.L.,SPAIN
1,S.P.R.L.,BELGIUM
2,S.R.L.,ITALY
1,S.a.m,MONACO
1,S.p.A.,ITALY
1,S.r.l. - Società Responsabilità Limitata,ITALY
3,SA,GREECE
1,SA,PORTUGAL
1,SA,POLAND
5,SA,FRANCE
1,SA,UNITED KINGDOM
2,SA,SWITZERLAND
11,SA,BELGIUM
1,SA (Belgium),BELGIUM
1,SA -Société Anonyme,FRANCE
1,SA / NV,BELGIUM
1,SA à directoire et à conseil de surveillance,FRANCE
1,SA/NV,BELGIUM
1,SAM,FRANCE
1,SANS BUT LUCRATIF,BELGIUM
1,SARL,SWITZERLAND
1,SARL,NETHERLANDS
1,SARL,LUXEMBOURG
1,SARL,LATVIA
9,SARL,FRANCE
1,SARL,BELGIUM
1,SARL under Swiss law,SWITZERLAND
1,SARL unipersonnelle,FRANCE
11,SAS,FRANCE
1,SAS (limited company),FRANCE
1,SC,BELGIUM
5,SCRL,BELGIUM
1,SCRL (Belgian Law),BELGIUM
3,SCS,BELGIUM
1,SE,GERMANY
3,SELARL,FRANCE
1,SI/CORPORACIÓN PÚBLICA,SPAIN
1,SIN OBJETO,SPAIN
1,SIREN 520 038 621,FRANCE
1,SMALL COMPANY,ITALY
1,SME,FRANCE
1,SME,SPAIN
1,SME,FINLAND
1,SME,UNITED KINGDOM
1,SME,LATVIA
1,SNC,FRANCE
1,SOCIEDAD ANONIMA,SPAIN
1,SOCIEDAD ANONIMA UNIPERSONAL,BELGIUM
2,SOCIEDAD COOPERATIVA ANDALUZA,SPAIN
3,SOCIEDAD LIMITADA,SPAIN
2,SOCIETA' A RESPONSABILITA' LIMITATA,ITALY
1,SOCIETA' COOPERATIVA,LITUANIA
4,SOCIETE ANONYME,FRANCE
1,SP,UNITED KINGDOM
3,SPA,ITALY
1,SPRL,SWITZERLAND
32,SPRL,BELGIUM
1,SPRL,LUXEMBOURG
1,SPRL-S,BELGIUM
3,SRL,ITALY
1,SYNDICAT PROFESSIONNEL,FRANCE
1,SYNDICATE,GREECE
2,Sarl,FRANCE
1,Scottish Charity,UNITED KINGDOM
1,See below,UNITED KINGDOM
1,Selbstständig,GERMANY
1,Selbständig,BELGIUM
1,Selbständige Berater,BELGIUM
1,Self Employed,BELGIUM
1,Self Employed,UNITED KINGDOM
1,Self Employed Consultant,UNITED KINGDOM
1,Self employed,GERMANY
1,Self-Employed,BELGIUM
1,Self-employed,UNITED KINGDOM
1,Self-employed,BELGIUM
1,Self-employed,FRANCE
1,Self-employed,SPAIN
1,Self-employed consultant,GERMANY
1,Self-employed independent researcher,CROATIA
1,Self-employed individual,GREECE
1,Self-government,POLAND
1,Selon la loi Belge,BELGIUM
1,Selvejende institution,DENMARK
1,Service consulaire,FRANCE
1,Services Company NV,BELGIUM
1,Share Company,POLAND
1,Sindacato,ITALY
1,Sindacato e Associazione Professionale Nazionale dei Medici di Medicina Generale,ITALY
1,Sindicato,SPAIN
1,Sindicato de agricultores,SPAIN
1,Sociedad Anonima,SPAIN
1,Sociedad Anónima,ARGENTINA
2,Sociedad Anónima,SPAIN
1,Sociedad Cooperativa,SPAIN
1,Sociedad Limitada,LITUANIA
5,Sociedad Limitada,SPAIN
1,Sociedad Limitada Unipersonal,SPAIN
1,Sociedade Anonima,PORTUGAL
1,Sociedade limitada por quotas,PORTUGAL
1,Sociedade por quotas,PORTUGAL
1,Societa D'Armamento,ITALY
1,Societa' per Azioni,ITALY
1,Societas Europaea,GERMANY
1,Societat limitada,SPAIN
1,Societe Anonyme,BELGIUM
1,Societe Anonyme S.A.,BELGIUM
1,Societe anonyme,BELGIUM
1,"Society (""vereniging onder Nederlands recht"")",NETHERLANDS
1,Società Consortile a Responsabilità Limitata,ITALY
1,Società Cooperativa,ITALY
1,Società Cooperativa a Responsabilità Limitata,ITALY
1,Società a Responsabilità Limitata,ITALY
1,Società a Responsabilità Limitata,BELGIUM
3,Società a responsabilità limitata,ITALY
1,Società cooperativa a resp.tà limitata,ITALY
1,Società in accomandita semplice,ITALY
6,Società per Azioni,ITALY
2,Società per azioni,ITALY
1,Socité par Actions Simplifiée,FRANCE
1,Société A Responsabilité Limité,SWITZERLAND
1,Société Anonyme,PORTUGAL
1,Société Anonyme,LUXEMBOURG
2,Société Anonyme,BELGIUM
15,Société Anonyme,FRANCE
1,Société Anonyme (S.A.),BELGIUM
1,Société Anonyme Coopérative de Banque Populaire,FRANCE
1,Société Anonyme Simplifiée,FRANCE
1,Société Privée à Responsabilité Limitée (Belgium),BELGIUM
2,Société anonyme,FRANCE
1,Société anonyme,SWEDEN
2,Société anonyme,BELGIUM
1,Société anonyme à capitaux publics,FRANCE
1,Société d'assurance mutuelle à cotisations variables,FRANCE
1,Société de droit anglais,UNITED KINGDOM
1,Société en Commandite par actions,FRANCE
1,Société par Actions Simplifiées (SAS),FRANCE
4,Société par actions simplifiée,FRANCE
1,Société par actions simplifiées (SAS),FRANCE
1,Société privée à responsabilité limitée,BELGIUM
1,Société à responsabilité limitée à capital variable,FRANCE
1,Société à responsabilité limitéé,ITALY
1,Sodalizio Non Profit,ITALY
1,Sole Proprietorship,JAMAICA
1,Sole Trader,IRELAND
1,SpA,ITALY
1,Spanish association,SPAIN
1,Specialised Group of the European Federation of Pharmceutical Industry and Associations (EFPIA),BELGIUM
1,Spirituality Mission,NETHERLANDS
9,Sprl,BELGIUM
1,Srl,ITALY
1,Srl (Società a Responsabilità Limitata),ITALY
1,Srl.,ITALY
1,Stakeholder,GERMANY
1,State Owned Enterprise,NORWAY
1,Statutory Regulatory Body set up by UK Parliament,UNITED KINGDOM
1,Statutory Zoo,UNITED KINGDOM
1,Statutory body,UNITED KINGDOM
6,Stichting,NETHERLANDS
1,Stichting,BELGIUM
1,Stichting (Foundation),BELGIUM
1,Stichting (Foundation),NETHERLANDS
1,Stichting - Foundation,UNITED KINGDOM
1,Stichting van Openbaar Nut,BELGIUM
1,Stichting/Vereniging,NETHERLANDS
1,Stiftung,GERMANY
1,Stiftung & Co. KG,GERMANY
1,Stiftung privaten Rechts,GERMANY
1,Stiftung öffentlichen Rechts,GERMANY
1,Stock corporation under Swiss law,SWITZERLAND
1,Stowarzyszenie,POLAND
1,Stowarzyszenie europejskie,POLAND
1,Stowarzyszenie zwykłe,POLAND
1,Studio Legale e di Consulenza Internazionale,ITALY
1,Subsidiary of MPAA,UNITED STATES
1,Subsidiary of Tata Steel (India),UNITED KINGDOM
1,SuiGeneris/Founded by law,NETHERLANDS
1,Swedish Public Limited Company and the parent company of the SAS Group,SWEDEN
1,Swiss SA,SWITZERLAND
1,Swiss Verean,BELGIUM
7,Syndicat,FRANCE
1,Syndicat Loi 1884,FRANCE
2,Syndicat Professionnel,FRANCE
1,Syndicat patronal (Livre IV du code du travail),FRANCE
1,Syndicat patronal professionnel,FRANCE
1,Syndicat profesionnel,FRANCE
1,Syndicat professionel,FRANCE
3,Syndicat professionnel,FRANCE
1,Syndicat professionnel (France),FRANCE
1,Syndicat professionnel (loi du 21 mars 1884),FRANCE
1,Szövetség (NGO),HUNGARY
1,Sàrl,FRANCE
2,TRADE ASSOCIATION,SPAIN
1,"Tax-exempt corporation, 501(c)(6)",UNITED STATES
1,Teemaryhmä,FINLAND
1,Telefonaktiebolaget LM Ericsson,SWEDEN
1,"The legal persona of the secretariat is derived from its members, which in the case of the ILC Secretariat is IFAD (which hosts the Secretariat and provides the ILC Secretariat with key services, including human resources, treasury, accounting)",ITALY
1,The state-funded organisation,CZECH REPUBLIC
1,Think Tank Located at Law Firm,UNITED STATES
11,Trade Association,UNITED KINGDOM
1,Trade Association,TURKEY
1,Trade Association,UNITED STATES
1,Trade Association,IRELAND
1,Trade Association,BELGIUM
1,Trade Association,NETHERLANDS
1,Trade Association and Limited company,UNITED KINGDOM
1,Trade Body,UNITED KINGDOM
3,Trade Union,UNITED KINGDOM
2,Trade Union,DENMARK
1,Trade Union,BELGIUM
1,Trade Union,PORTUGAL
1,Trade Union,CYPRUS
1,Trade Union Society,FINLAND
2,Trade association,FRANCE
1,Trade association,BELGIUM
1,Trade association,UNITED KINGDOM
1,Trade body (incorporated a company limited by guarentee),UNITED KINGDOM
1,Trade business and professional association,ITALY
1,Trade union / proffessional body,UNITED KINGDOM
1,Trade union confederation,FINLAND
1,Trade union network,BELGIUM
1,"Trade, business and professional association",ITALY
1,Trade-Union Federation (De facto organisation),BELGIUM
1,Trading Association and UK Limited Compnay,UNITED KINGDOM
1,Trust,INDIA
1,TÁRSADALMI SZERVEZET,HUNGARY
1,Társadalmi Szervezetek Országos Szövetsége Magyarország,HUNGARY
1,U.S. 501(c)(3) public charity,UNITED STATES
1,U.S. Corporation (Delaware),UNITED STATES
1,UK COMPANY LIMITED BY GUARANTEE,UNITED KINGDOM
2,UK Charity,UNITED KINGDOM
1,UK Charity (no. 212808),UNITED KINGDOM
1,UK Company Limited By Guarantee,FRANCE
1,UK Company limited by guarantee,UNITED KINGDOM
4,UK Limited Company,UNITED KINGDOM
1,UK Registered Charity,UNITED KINGDOM
1,UK Registered Charity No.513524,UNITED KINGDOM
1,UK Registered Company,UNITED KINGDOM
1,UK Registered Entity,UNITED KINGDOM
1,UK Registered Private Limited Company,UNITED KINGDOM
1,"UK Registered charity: england and Wales no 207076, Scotland no. SC037654",UNITED KINGDOM
1,UK and Romanian registered charity,ROMANIA
1,UK company limited by guarantee,UNITED KINGDOM
1,"UK company limited by guarantee, not for profit organisation",UNITED KINGDOM
2,UK organisation,UNITED KINGDOM
1,UK registered Charity,UNITED KINGDOM
3,UK registered charity,UNITED KINGDOM
1,UK registered company limited by a guarantee,BELGIUM
1,UMS - Unité mixte de services,FRANCE
1,UNESID,SPAIN
1,UNION,PORTUGAL
1,UNIVERSITA' NON STATALE,ITALY
1,US 501c3 Non-Profit,UNITED STATES
1,US Public Pension Plan,UNITED STATES
1,US based charity - branch office in Brussels,UNITED STATES
1,US non-profit industry trade association,UNITED STATES
1,US registered charity,UNITED STATES
1,Umanitarian Organizacion,ITALY
1,Unincorporated Association,FRANCE
3,Unincorporated Association,UNITED KINGDOM
1,Unincorporated Association (UK),UNITED KINGDOM
1,Unincorporated Association of Members,UNITED KINGDOM
2,Unincorporated association,UNITED KINGDOM
1,Unincorporated association under English law,UNITED KINGDOM
1,Unincorporated not for profit trade association,UNITED KINGDOM
1,Unincorporated not-for-profit association,UNITED KINGDOM
1,Unincorporated trade association,UNITED KINGDOM
1,Union,DENMARK
1,Union and professional organisation for medical practitioners,SWEDEN
1,Union de Syndicats Professionnels,FRANCE
1,Union de syndicats professionnels,FRANCE
1,Union of European fashion NGO/Think-tank,BULGARIA
1,Union of Trade Associations,FRANCE
1,Union professionnelle,BELGIUM
1,Union professionnelle reconnue n°7358,BELGIUM
1,Unipessoal,PORTUGAL
1,United Nations specialized agency,SWITZERLAND
1,University,DENMARK
1,University,GERMANY
2,University,NETHERLANDS
1,University Research Centre,UNITED KINGDOM
1,Université,FRANCE
1,Unión de Cooperativas,SPAIN
1,Unternehmen (Aktiengesellschaft),AUSTRIA
1,V.Z.W. / A.S.B.L.,BELGIUM
1,VSO is a company limited by guarantee and a registered charity,UNITED KINGDOM
1,VSWA/ICT/590,PAKISTAN
4,VZW,BELGIUM
1,VZW (Vereniging Zonder Winstoogmerk),BELGIUM
1,VZW (private company without profit),BELGIUM
1,VZW - ASBL,BELGIUM
2,VZW / ASBL,BELGIUM
1,VZW /ASBL,BELGIUM
1,VZW/ASBL non profit organisation,BELGIUM
1,Vakvereniging,NETHERLANDS
1,Vennootschap / Private Limited Company,NETHERLANDS
6,Verband,GERMANY
1,Verband,AUSTRIA
1,Verbund/ Hochschulgruppe,GERMANY
1,Verein,SWITZERLAND
1,Verein,FRANCE
8,Verein,GERMANY
19,Verein,AUSTRIA
1,Verein (Association),AUSTRIA
1,Verein / Komturei,GERMANY
1,Verein / registered association,AUSTRIA
1,Verein deutschen Rechts,GERMANY
1,Verein/Verband,BELGIUM
14,Vereniging,NETHERLANDS
1,Vereniging (Membership Association under Dutch law),NETHERLANDS
1,Vereniging (NL),NETHERLANDS
1,Vereniging / Association,NETHERLANDS
1,Vereniging met volledige rechtsbevoegdheid,NETHERLANDS
1,Volontary association N.61,SWEDEN
1,Voluntary Organisation,UNITED KINGDOM
1,Voluntary non-governmental organisation,UNITED KINGDOM
1,Voluntary organisiation,IRELAND
1,Widewall Investments S.L.,SPAIN
1,Wirtschaftlicher Verein,GERMANY
1,Wirtschaftsverband,GERMANY
1,Worker,SERBIA
1,"Worldwide confederation of cost engineering, quantity surveying and project management professional societies",AUSTRALIA
1,ZASEBNI ZAVOD,SLOVENIA
1,Zavod,SLOVENIA
1,a charitable company limited by guarantee and registered in England and Wales number 6789783,UNITED KINGDOM
1,a devision of the Agricultural Academy,BULGARIA
1,a limited company,FINLAND
1,"a not for profit company limited by guarantee under the England & Wales laws, Reg. No. 2210172",UNITED KINGDOM
1,a public authority,FINLAND
1,a registered association,FINLAND
1,a specialised group within the European federation of Pharmaceutical Industries and Associations (EFPIA),BELGIUM
1,a. i. s.b.l. - European non-profit association,BELGIUM
5,a.i.s.b.l.,BELGIUM
1,a.i.s.b.l. (Belgian Law),BELGIUM
1,a.i.s.b.l. - Association internationale sans but lucratif,BELGIUM
1,a.i.s.b.l. under Belgian law,BELGIUM
2,a.s.b.l.,BELGIUM
1,academic,GERMANY
1,academic association,AUSTRIA
1,administration,BELGIUM
1,aibl,BELGIUM
1,aisbl,AUSTRIA
49,aisbl,BELGIUM
1,aisbl,NORWAY
1,aisbl  -  Association,BELGIUM
1,aisbl (Belgium),BELGIUM
1,aisbl (association internationale sana but lucratif),GERMANY
1,aisbl (association internationale sans but lucratif),BELGIUM
1,aisbl (non-profit international association),BELGIUM
1,aisbl (not for profit international association),BELGIUM
1,aisbl - Non profit organisation,BELGIUM
1,aisbl - not for profit association,BELGIUM
1,aisbl registered in Belgium,BELGIUM
1,aisbl under Belgian law,BELGIUM
1,"aisbl, NGO, European Social Partner, employers",BELGIUM
1,aisbl/ivzw,NETHERLANDS
1,aisbl/ivzw under Belgian law,BELGIUM
1,akciová společnost,CZECH REPUBLIC
2,alapítvány,HUNGARY
1,alapítvány /foundation,HUNGARY
1,alliance,NETHERLANDS
1,an unincorporated association,IRELAND
31,asbl,BELGIUM
1,asbl,DENMARK
1,asbl,LUXEMBOURG
2,asbl,TURKEY
1,asbl,FRANCE
1,asbl (non-profit organisation),BELGIUM
1,asbl (nonprofit organisation),BELGIUM
1,asbl - association sans but lucratif,BELGIUM
1,asbl - association sans but lucratif (Belgium),BELGIUM
1,asbl / vzw,BELGIUM
1,asbl applied for,BELGIUM
1,asbl under Belgian law,BELGIUM
2,asbl/vzw,BELGIUM
1,asbli,BELGIUM
3,asociación sin ánimo de lucro,SPAIN
1,asociatie,ROMANIA
1,asociativa,SPAIN
1,associación cultural,SPAIN
9,association,FRANCE
2,association,DENMARK
4,association,NETHERLANDS
1,association,UKRAINE
1,association,LATVIA
1,association,GREECE
4,association,ITALY
1,association,UNITED KINGDOM
1,association,POLAND
1,association,SWITZERLAND
1,association,AUSTRIA
1,association,MOROCCO
2,association,GERMANY
3,association,CZECH REPUBLIC
4,association,BELGIUM
1,association  loi 1901,FRANCE
1,association (non profit),SWEDEN
1,association - NGO,LITUANIA
3,association Loi 1901,FRANCE
5,association de fait,BELGIUM
1,association franaçise relevant de la loi de 1901,FRANCE
1,association française (loi de 1901),FRANCE
3,association française loi 1901,FRANCE
2,association internationale sans but lucratif,BELGIUM
1,association internationale sans but lucratif de droit belge,BELGIUM
1,"association internationale sans but lucratif, international not-for-profit association incorporated under Belgian law",BELGIUM
1,association law 1901,FRANCE
8,association loi 1901,FRANCE
1,"association loi 1901, reconnue d'utilité public",FRANCE
1,association loi de 101,FRANCE
1,association loi de 1920,FRANCE
1,association loi du 1er juillet 1901,FRANCE
1,association loi française 1901 (NGO),FRANCE
1,association reconnue d'utilité publique - SIRET 30624431000069 - code ape 94997,FRANCE
1,association sans but lucratif,FRANCE
2,association sans but lucratif,BELGIUM
1,association sans but lucratif (a.s.b.l.),LUXEMBOURG
1,association sans but lucratif (a.sb.b.l.),LUXEMBOURG
1,association syndicale,FRANCE
1,association à but non lucratif,FRANCE
1,association étrangère (French law),GERMANY
1,"association, loi 1901",FRANCE
1,associatión d'entreprise - NGO,SPAIN
4,associazione,ITALY
1,associazione di categoria senza scopo lucrativo,ITALY
1,associazione non profit,ITALY
1,associazione non riconosciuta,ITALY
1,associazione senza scopo di lucro,ITALY
1,associação civil organizada,BRAZIL
1,associação sem fins lucrativos,BELGIUM
1,assoiation de fait,BELGIUM
1,austrian association ZVR596936584,AUSTRIA
1,b.v.,NETHERLANDS
1,b.v.b.a.,BELGIUM
1,bank,FRANCE
1,banque,FRANCE
3,biedrība,LATVIA
1,biudžetinė įstaiga,LITUANIA
1,body established by the Legal Aid and Solicitors (Scotland) Act 1949 as enacted and consolidated by the Solicitors (Scotland) Act 1980.,UNITED KINGDOM
1,brussels representation,BELGIUM
1,business organisation - company,SWEDEN
1,bv,BELGIUM
2,bvba,BELGIUM
1,c/o BIR aisbl,BELGIUM
1,charitable non-profit association registered in Sweden,SWEDEN
1,charity registered in England & Wales,UNITED KINGDOM
1,chief,BELGIUM
1,citizens' association,CZECH REPUBLIC
1,civic association,CZECH REPUBLIC
1,"civic association for the defending the rights of authors of visual arts, with authorisation to exekute collective rights management",CZECH REPUBLIC
1,civic organisation,CZECH REPUBLIC
1,civic organization,CZECH REPUBLIC
1,company,TURKEY
1,company limited,GERMANY
2,company limited by guarantee,UNITED KINGDOM
1,company limited by guarantee and not having a share capital,UNITED KINGDOM
1,company with limited by guarantee,UNITED KINGDOM
1,conseil en affaires et gestion,FRANCE
1,consultant,ITALY
1,consultante Indépendante,BELGIUM
1,cooperation of national Engineers Chambers,GREECE
1,corporación de derecho público,SPAIN
1,corporate,UKRAINE
1,cvba,BELGIUM
1,církevní organizace,CZECH REPUBLIC
4,de facto association,BELGIUM
1,de facto assu.,BELGIUM
1,dr,ITALY
5,e. V.,GERMANY
1,e.K.,GERMANY
1,e.V,GERMANY
36,e.V.,GERMANY
1,e.V. (eingetragener Verein (DE)),GERMANY
1,e.V. (eingetragener Verein =  registered association),GERMANY
2,e.V. (eingetragener Verein),GERMANY
1,e.V. (gemeinnützig),GERMANY
1,e.V. (i.Gr.),GERMANY
1,"e.V. Association registered in the Register of Associations at the Court in Frankfurt/Main, Germany",GERMANY
1,eigetragener Verein,GERMANY
1,eingetragender Verein,GERMANY
90,eingetragener Verein,GERMANY
2,eingetragener Verein,AUSTRIA
1,eingetragener Verein,BELGIUM
2,eingetragener Verein (e. V.),GERMANY
8,eingetragener Verein (e.V.),GERMANY
1,eingetragener Verein (e.V.) nach deutschem Recht,GERMANY
3,eingetragener Verein (registered association),GERMANY
4,eingetragener Verein e.V.,GERMANY
1,eingetragener Verein mit anerkannter Gemeinnützigkeit,GERMANY
4,eingetragener Verein nach deutschem Recht,GERMANY
1,eingetragener Verein nach deutschem Vereinsrecht,GERMANY
2,"eingetragener Verein, e.V.",GERMANY
1,"eingetragener Verein, gemeinnützig",GERMANY
1,"eingetragener Verein, gemeinnützige Zwecke, Verwaltungssitz München",GERMANY
1,empresa privada,SPAIN
1,en procedure pour la reconnaissance juridique,ITALY
1,ente morale,ITALY
1,ente morale riconosciuto,ITALY
1,ente no profit,ITALY
1,entidad privada sin ánimo de lucro,SPAIN
1,entreprise inndividuelle,FRANCE
1,erkende beroepsfederatie,BELGIUM
1,exchange / company,SWEDEN
1,expertgroup,NETHERLANDS
1,factual network organisation which is not a legal person,HUNGARY
1,federación,SPAIN
1,federation,FRANCE
1,federation,SWITZERLAND
1,feitelijke vereniging,BELGIUM
1,fondation d'utilité publique (de droit belge),BELGIUM
1,fondazione,ITALY
1,fondazione - Foundation,ITALY
1,for profit professional consultancy,GERMANY
1,formal categorical Union,NETHERLANDS
1,foundation,POLAND
1,foundation,"MACEDONIA, FORMER YUGOSLAV REPUBLIC OF"
3,foundation,NETHERLANDS
1,foundation under public law,GERMANY
1,freiberufliche Tätigkeit,GERMANY
1,fundacja,POLAND
1,fédération,FRANCE
1,gemeinnuetziger Verein / Non-Profit Association (under German Law),GERMANY
1,gemeinnütziger Verein,AUSTRIA
2,gemeinnütziger Verein,GERMANY
1,gemeinnütziger e.V.,GERMANY
3,gemeinnütziger eingetragener Verein,GERMANY
1,"gemeinnütziger, eingetragener Verein",GERMANY
1,global network,BELGIUM
1,gmbh,GERMANY
1,good,SOUTH AFRICA
1,government organization,BULGARIA
1,governmental institution,ITALY
1,gérant,FRANCE
1,health care regulatory body,IRELAND
2,iasbl,BELGIUM
1,ideell förening,SWEDEN
1,ideell organisation,SWEDEN
1,impresa individuale,ITALY
1,in way of becoming Belgian 'asbl',BELGIUM
1,incorporated association (VZW),JAPAN
1,"incorporated non-profit organization, registered in the State of Illinois in the U.S.",UNITED STATES
1,independant,LUXEMBOURG
1,independent consultant,FRANCE
1,individual,NETHERLANDS
1,informal association,UNITED KINGDOM
1,informal coalition of NGOs,BELGIUM
1,informal partnership,NETHERLANDS
1,informel,FRANCE
1,int'l association under Belgian law (aisbl),BELGIUM
1,inte tillämpligt,BELGIUM
1,intern. non-profit organisation,BELGIUM
1,international association,BELGIUM
1,"international association having philanthropic, scientific and educational aims, registered under the Belgian law of 25th October 1919, modified by the law of 6th December 1954.",BELGIUM
1,international cooperation body,FINLAND
1,international non profit association governed by the clauses under article III of the Belgian law of 27 June 1921 on non profit associations,BELGIUM
1,international non-profit association,BELGIUM
1,international non-profit making associations,BELGIUM
1,international not for profit organisaiton,BELGIUM
1,international not for profit organization,BELGIUM
1,international not-for-profit,BELGIUM
1,international not-for-profit association,BELGIUM
2,international not-for-profit organisation,BELGIUM
1,international organisation with a permanent office in Brussels,BELGIUM
1,international orginization,MALTA
1,internationale vereniging zonder winstoogmerk,BELGIUM
1,interregproject under lead of Region Västra Götaland,SWEDEN
1,j.s.c.,SLOVAKIA
1,jesus diez de la torre,SPAIN
1,joint effort,NETHERLANDS
1,joint stock company,ITALY
1,joint stock company,CZECH REPUBLIC
1,joint stock company,POLAND
1,joint stock company,SLOVAKIA
1,joint stock company whose share capital is fully owned by the Economy and Finance Ministry,ITALY
1,julkisoikeudellinen yhdistys,FINLAND
1,julkisoikeudellinen yhteisö,FINLAND
1,kiemelten közhasznú szakmai szervezet,HUNGARY
3,közhasznú egyesület,HUNGARY
1,köztestület,HUNGARY
2,law firm,BELGIUM
1,"legal person, non-profit, research organisation, public body",POLAND
1,limited company,FRANCE
1,limited company,ITALY
1,limited company,NETHERLANDS
1,limited compny,TURKEY
1,limited liability  company,FRANCE
1,limited liability company,ROMANIA
1,limited liability company,POLAND
1,limited liability company,ITALY
1,limited liability company,LITUANIA
1,limited liability company,BELGIUM
2,limited liability company,SLOVENIA
1,limited liability company,GERMANY
1,limited liability company,NETHERLANDS
1,limited not for profit company,UNITED KINGDOM
1,limited-liability company,SPAIN
1,listed company,ROMANIA
1,loi 1901 agreed by  the Vaucluse Prefecure,FRANCE
1,ltd,UNITED KINGDOM
1,ministry,SLOVAKIA
1,mutualité,BELGIUM
1,natural person,CZECH REPUBLIC
1,ngo,SLOVENIA
1,"ngo, formally registered with the Danish authorities",DENMARK
2,nicht verfügbar,GERMANY
1,no formal organization,BELGIUM
1,no legal status,BELGIUM
1,no legal status,IRELAND
1,no profit,ITALY
1,no profit entrepreneurial association,ITALY
1,no profit private organisation,ITALY
1,no-profit association,ITALY
1,nommé par arrêté du Ministre de l'Enseignement Supérieur,FRANCE
1,non  available,UNITED KINGDOM
1,non available,UNITED KINGDOM
1,non available,UNITED STATES
4,non available,BELGIUM
1,non available,IRELAND
1,non for profit association,SPAIN
1,non for profit association,CROATIA
1,non for profit organisation,ITALY
1,non for profit organisation,BELGIUM
1,non profit (asbl de droit belge),BELGIUM
1,non profit Association,PORTUGAL
1,non profit association,FRANCE
1,non profit association,SWITZERLAND
1,non profit association,BELGIUM
1,non profit international association,BELGIUM
2,non profit making association,BELGIUM
1,non profit making organisation,UNITED KINGDOM
1,non profit non-governmental organization,BELGIUM
1,non profit organisation,GERMANY
1,non profit organisation,SPAIN
2,non profit organisation,BELGIUM
1,non profit organisation,FRANCE
1,non profit organisation (under Belgium law),BELGIUM
1,non profit organisation - NGO,BELGIUM
1,non profit organisation/aisbl,BELGIUM
1,non profit professional association,FRANCE
1,non profit research organization,ITALY
1,non-available,SWITZERLAND
1,non-for-profit organization,BELGIUM
1,non-for-profit organization (association loi 1901),GERMANY
1,non-govermental organisation,BELGIUM
1,non-governmental organisarion,BULGARIA
1,non-governmental organisation,BELGIUM
1,non-governmental organisation,ITALY
1,non-governmental organisation / association of NGOs,DENMARK
1,non-governmental organization,SLOVAKIA
1,non-profit (501 c 3 tax status in the USA),UNITED STATES
1,non-profit Civil Society,FRANCE
1,non-profit association,AUSTRIA
1,non-profit association,BELGIUM
1,non-profit association,ITALY
1,non-profit association,UNITED KINGDOM
1,non-profit association,FRANCE
1,non-profit association (asbl),BELGIUM
1,non-profit association (e.V.),GERMANY
1,non-profit association / gemeinnütziger Verein,GERMANY
1,non-profit associatioon,BELGIUM
2,non-profit foundation,NETHERLANDS
1,non-profit foundation,GERMANY
1,non-profit international association,ITALY
1,non-profit making association,BELGIUM
3,non-profit organisation,GERMANY
2,non-profit organisation,BELGIUM
1,non-profit organisation,FRANCE
1,non-profit organisation,DENMARK
1,non-profit organisation,NETHERLANDS
1,non-profit organisation - civic association,CZECH REPUBLIC
1,non-profit organisation / association,GERMANY
1,non-profit organisation for public benefit,BULGARIA
1,non-profit organization,BELGIUM
1,non-profit research organisation,ITALY
1,non-profit under Belgian law (ONG),BELGIUM
1,non-profiting organization,ITALY
2,none,UNITED KINGDOM
1,none,GERMANY
1,none,SWEDEN
1,none,IRELAND
1,none,FRANCE
1,none (association of individuals without legal personality),AUSTRIA
1,none - NGO network without a separate legal entity.,BELGIUM
1,none - open working group connected via mailinglists,GERMANY
1,nonprofit organization,FRANCE
1,not apply,BRAZIL
1,not for profit,GERMANY
1,not for profit,BELGIUM
1,not for profit,ITALY
1,not for profit (charity),UNITED KINGDOM
1,not for profit association,FRANCE
1,not for profit company,UNITED KINGDOM
1,not for profit international association under Belgian law,BELGIUM
1,not for profit organisation,ITALY
1,not for profit organisation,GERMANY
1,not for profit organisation (ASBL),BELGIUM
1,not for profit under Belgian law (aisbl),BELGIUM
1,not-for-profit,UNITED KINGDOM
1,not-for-profit,BELGIUM
1,not-for-profit International Association (AISBL),BELGIUM
1,not-for-profit association in the medical and humanitarian field,SWITZERLAND
1,not-for-profit organization incorporated in Kansas and recognized by IRS as a 501(c)3 organization,UNITED STATES
1,not-for-profit/charity,UNITED KINGDOM
1,obhodná spoločnosť s ručením obmedzeným,SLOVAKIA
2,občanské sdružení,CZECH REPUBLIC
1,odv,ITALY
1,one-man business,NETHERLANDS
1,onlus,ITALY
1,open joint stock company,SERBIA
1,open network,NETHERLANDS
1,organisation,HUNGARY
1,organisation,SPAIN
2,organisation professionnelle,FRANCE
1,organizacja pozarządowa,POLAND
1,organization,"RUSSIA, FEDERATION OF"
1,"organization, private SME",ROMANIA
1,organizaţie neguvernamentală,ROMANIA
1,organizzazione cooperazione internazionale,ITALY
1,organizzazione non governativa,ITALY
1,osoba fizyczna,POLAND
1,"partner, ICODA European Affairs",BELGIUM
1,personne morale jouissant de la personnalité civile en vertu de la loi du 10 août 1991 sur la profession d'avocat,LUXEMBOURG
1,privat company,IRELAND
1,private,ITALY
1,private Stiftung,GERMANY
1,private company,BULGARIA
1,private company,FRANCE
1,private company,UNITED STATES
1,private company limited by guarantee,UNITED KINGDOM
1,private company limited by shares,UNITED KINGDOM
1,private company with limited liability,NETHERLANDS
1,private corporation,UNITED STATES
1,private institute,GERMANY
1,private join-stock company,UKRAINE
1,private limited,NETHERLANDS
1,private limited company,UNITED KINGDOM
1,private non formal adult training organisations,GREECE
1,private non profit research center,ITALY
1,private non profit umbrella organisation (NGO),BELGIUM
2,private university,IRELAND
1,privé,BELGIUM
1,professional association,CZECH REPUBLIC
1,professional association,FRANCE
1,professional organisation,BELGIUM
1,professionnal association,FRANCE
1,proffesional association,POLAND
1,profit organisation,GERMANY
1,project,BELGIUM
1,project cooperation between public sector entities,BELGIUM
1,propia,SPAIN
1,propia regulada por los Estatutos,SPAIN
1,"právnická osoba, jejíž poslání je upraveno zákonem č. 301/1992 Sb.",CZECH REPUBLIC
1,public,BELGIUM
1,public body (in-house company),ITALY
1,public body/international organization,HUNGARY
1,public corporation duly organized and existing by virtue of Republic Act 523,PHILIPPINES
1,public institution,SLOVAKIA
2,public limited company,DENMARK
1,public non-profit organisation,BELGIUM
1,public organization,ARGENTINA
1,public person,GERMANY
1,publiek,NETHERLANDS
1,publiek rechtelijk rechtspersoon,NETHERLANDS
1,publiekrechterlijk,NETHERLANDS
1,registered Association,GERMANY
1,registered Company,LUXEMBOURG
1,registered association,AUSTRIA
1,registered association,FINLAND
5,registered association,GERMANY
1,registered association,UNITED KINGDOM
1,registered association under german law,GERMANY
1,registered charity,UNITED KINGDOM
1,registered charity certified as eligible for support by Munich tax office (Germany),GERMANY
1,registered company,NETHERLANDS
1,registered company (S.P.R.L),BELGIUM
1,registered non-profit association,GERMANY
1,registered non-profit organisation in Germany (e.V.),GERMANY
1,registered scientific association (in Italy),ITALY
1,registered society,GERMANY
1,registered umbrella association for the automotive  specialty products aftermarket accessories industry,ITALY
1,registrated association,DENMARK
4,rekisteröity yhdistys,FINLAND
1,representation,BELGIUM
1,research institute,ROMANIA
1,rights for christian and minorities,SPAIN
1,s.a./n.v.,BELGIUM
1,s.a.s.,ITALY
1,s.c.r.l.,BELGIUM
2,s.p.r.l.,BELGIUM
4,s.r.l.,ITALY
1,s.r.l./ltd,ROMANIA
1,s.r.o.,CZECH REPUBLIC
1,sa,BELGIUM
1,sans objet,BELGIUM
1,sarl,FRANCE
1,sas,FRANCE
1,school,PORTUGAL
1,scrl (Belgian law),BELGIUM
1,sdružení právnických osob,CZECH REPUBLIC
1,section de l'Ambassade d'Italie,BELGIUM
1,self employed,BELGIUM
1,self-employed,NETHERLANDS
1,self-employed,BELGIUM
1,self-employed individual,FRANCE
1,self-employed individual,ITALY
1,selfemployed,GERMANY
1,si,EL SALVADOR
1,societa' a responsabilita' limitata,ITALY
1,societa' in nome collettivo,ITALY
1,societe anonyme,BELGIUM
1,società a responsabilità limitata,ITALY
1,società a responsabilità limitata (SRL),ITALY
1,società di capitale,ITALY
2,società per azioni,ITALY
1,società responsabilità limitata,ITALY
2,société anonyme,FRANCE
1,société anonyme,BELGIUM
1,société anonyme (SA),FRANCE
1,société anonyme d'economie mixte,FRANCE
1,société civile,FRANCE
1,société civile à but non lucratif,GREECE
1,société en Commandite par Actions,SPAIN
2,société en Commandite par Actions,FRANCE
1,sole proprietorship,NETHERLANDS
1,sp. z o.o.,POLAND
1,spa,ITALY
1,spanish citizen,SPAIN
1,společnost s ručením omezeným,CZECH REPUBLIC
14,sprl,BELGIUM
1,sprl bvba,BELGIUM
1,sprl de droit belge,BELGIUM
1,sprlu,BELGIUM
1,spółka akcyjna,POLAND
1,spółka z o.o.,POLAND
1,spółka z ograniczoną odpowiedzialnością,POLAND
1,srl,ROMANIA
2,srl,ITALY
1,stock company,CZECH REPUBLIC
1,stowarzyszenie/ NGO,POLAND
1,studio legale,ITALY
2,syndicat,FRANCE
1,syndicat agricole,FRANCE
1,syndicat national des producteurs de spectacles,FRANCE
2,syndicat professionnel,FRANCE
1,syndicat professionnel loi 1884,FRANCE
1,syndicat régi par la loi française de 1884,FRANCE
1,tehnic-science asociation,ROMANIA
2,trade association,GERMANY
1,trade organisation,FRANCE
1,trade union,UNITED KINGDOM
1,társadalmi szervezet,HUNGARY
1,unabhängige Berater und Sachverständige,GERMANY
1,unincorporated association,UNITED KINGDOM
1,unincorporated association,BELGIUM
1,union de syndicats professionnels,FRANCE
1,unlimited liability partnership,BELGIUM
1,unlimited partnership,HUNGARY
1,unregistered platform,FRANCE
1,verein,AUSTRIA
10,vereniging,NETHERLANDS
1,vereniging english: association,NETHERLANDS
2,vereniging zonder winstoogmerk,BELGIUM
1,vereniging zonder winstoogmerk (vzw) under Belgian law,BELGIUM
9,vzw,BELGIUM
1,vzw - asbl,BELGIUM
1,vzw / asbl,BELGIUM
1,vzwi,TURKEY
1,website,GREECE
1,without legal personality,GERMANY
1,working group,SPAIN
1,Öresundskomiteen,DENMARK
1,établissement public à caractère industriel et commercial,FRANCE
1,ΑΝΩΝΥΜΗ ΕΤΑΙΡΕΙΑ (Α.Ε.),GREECE
1,ΜΚΟ,GREECE
1,Μη κερδοσκοπική,GREECE
1,"Μη κερδοσκοπική, Μη Κυβερνητική Οργάνωση (Μ.Κ.Ο.).",GREECE
1,Σωματείο,GREECE
1,НПО (NGO),BULGARIA
1,сдружение,BULGARIA
1,фондация,BULGARIA
1,юридическо лице с нестопанска цел в обществена полза,BULGARIA
1,“Association de Fait”,BELGIUM
1,"“PwC” is not a company or corporate. ""PwC"" refers to the network of member firms of PricewaterhouseCoopers International Limited (PwCIL). Each member firm is a separate legal entity and does not act as agent of PwCIL or any other member firm.",UNITED KINGDOM
1,"•internt ansatte repræsentanter og brancheforeninger, der er aktive inden for lobbyvirksomhed",DENMARK
